"ciudad"	"ambiente"	"sitio"	"parche"	"planta"	"ID"	"Leaf"	"uno"	"dos"	"tres"	"cuatro"	"leafMean"
"cam"	"r"	"1"	"1"	"m1"	"cam_r11m1"	1	NA	NA	NA	NA	NA
"cam"	"r"	"1"	"1"	"m1"	"cam_r11m1"	2	1	6	4	1	3
"cam"	"r"	"1"	"1"	"m1"	"cam_r11m1"	3	9	1	8	7	6.25
"cam"	"r"	"1"	"1"	"m1"	"cam_r11m1"	4	7	7	8	9	7.75
"cam"	"r"	"1"	"1"	"m1"	"cam_r11m1"	5	0	3	0	NA	1
"cam"	"r"	"1"	"1"	"m2"	"cam_r11m2"	1	NA	NA	NA	NA	NA
"cam"	"r"	"1"	"1"	"m2"	"cam_r11m2"	2	NA	NA	NA	NA	NA
"cam"	"r"	"1"	"1"	"m2"	"cam_r11m2"	3	NA	NA	NA	NA	NA
"cam"	"r"	"1"	"1"	"m2"	"cam_r11m2"	4	NA	NA	NA	NA	NA
"cam"	"r"	"1"	"1"	"m2"	"cam_r11m2"	5	NA	NA	NA	NA	NA
"cam"	"r"	"1"	"2"	"m1"	"cam_r12m1"	1	NA	NA	NA	NA	NA
"cam"	"r"	"1"	"2"	"m1"	"cam_r12m1"	2	NA	NA	NA	NA	NA
"cam"	"r"	"1"	"2"	"m1"	"cam_r12m1"	3	NA	NA	NA	NA	NA
"cam"	"r"	"1"	"2"	"m1"	"cam_r12m1"	4	NA	NA	NA	NA	NA
"cam"	"r"	"1"	"2"	"m1"	"cam_r12m1"	5	NA	NA	NA	NA	NA
"cam"	"r"	"1"	"2"	"m2"	"cam_r12m2"	1	7	4	7	33	12.75
"cam"	"r"	"1"	"2"	"m2"	"cam_r12m2"	2	3	3	3	3	3
"cam"	"r"	"1"	"2"	"m2"	"cam_r12m2"	3	13	17	1	6	9.25
"cam"	"r"	"1"	"2"	"m2"	"cam_r12m2"	4	10	0	8	9	6.75
"cam"	"r"	"1"	"2"	"m2"	"cam_r12m2"	5	9	13	8	5	8.75
"cam"	"r"	"2"	"1"	"m1"	"cam_r21m1"	1	144	25	94	38	75.25
"cam"	"r"	"2"	"1"	"m1"	"cam_r21m1"	2	9	6	25	16	14
"cam"	"r"	"2"	"1"	"m1"	"cam_r21m1"	3	3	20	9	13	11.25
"cam"	"r"	"2"	"1"	"m1"	"cam_r21m1"	4	9	12	12	28	15.25
"cam"	"r"	"2"	"1"	"m1"	"cam_r21m1"	5	9	11	9	0	7.25
"cam"	"r"	"2"	"1"	"m2"	"cam_r21m2"	1	2	16	2	7	6.75
"cam"	"r"	"2"	"1"	"m2"	"cam_r21m2"	2	13	20	20	2	13.75
"cam"	"r"	"2"	"1"	"m2"	"cam_r21m2"	3	18	25	4	3	12.5
"cam"	"r"	"2"	"1"	"m2"	"cam_r21m2"	4	10	14	25	18	16.75
"cam"	"r"	"2"	"1"	"m2"	"cam_r21m2"	5	28	14	29	16	21.75
"cam"	"r"	"2"	"2"	"m1"	"cam_r22m1"	1	12	4	11	8	8.75
"cam"	"r"	"2"	"2"	"m1"	"cam_r22m1"	2	0	7	10	1	4.5
"cam"	"r"	"2"	"2"	"m1"	"cam_r22m1"	3	11	4	4	4	5.75
"cam"	"r"	"2"	"2"	"m1"	"cam_r22m1"	4	20	26	11	17	18.5
"cam"	"r"	"2"	"2"	"m1"	"cam_r22m1"	5	10	6	11	7	8.5
"cam"	"r"	"2"	"2"	"m2"	"cam_r22m2"	1	35	33	15	33	29
"cam"	"r"	"2"	"2"	"m2"	"cam_r22m2"	2	16	23	11	32	20.5
"cam"	"r"	"2"	"2"	"m2"	"cam_r22m2"	3	22	7	14	21	16
"cam"	"r"	"2"	"2"	"m2"	"cam_r22m2"	4	3	8	1	6	4.5
"cam"	"r"	"2"	"2"	"m2"	"cam_r22m2"	5	34	21	11	16	20.5
"cam"	"r"	"3"	"1"	"m1"	"cam_r31m1"	1	7	26	4	22	14.75
"cam"	"r"	"3"	"1"	"m1"	"cam_r31m1"	2	21	11	11	14	14.25
"cam"	"r"	"3"	"1"	"m1"	"cam_r31m1"	3	5	1	1	0	1.75
"cam"	"r"	"3"	"1"	"m1"	"cam_r31m1"	4	3	7	9	4	5.75
"cam"	"r"	"3"	"1"	"m1"	"cam_r31m1"	5	28	37	73	82	55
"cam"	"r"	"3"	"1"	"m2"	"cam_r31m2"	1	4	3	4	5	4
"cam"	"r"	"3"	"1"	"m2"	"cam_r31m2"	2	3	2	0	0	1.25
"cam"	"r"	"3"	"1"	"m2"	"cam_r31m2"	3	2	9	5	1	4.25
"cam"	"r"	"3"	"1"	"m2"	"cam_r31m2"	4	26	16	1	2	11.25
"cam"	"r"	"3"	"1"	"m2"	"cam_r31m2"	5	NA	NA	NA	NA	NA
"cam"	"r"	"3"	"2"	"m1"	"cam_r32m1"	1	NA	NA	NA	NA	NA
"cam"	"r"	"3"	"2"	"m1"	"cam_r32m1"	2	NA	NA	NA	NA	NA
"cam"	"r"	"3"	"2"	"m1"	"cam_r32m1"	3	NA	NA	NA	NA	NA
"cam"	"r"	"3"	"2"	"m1"	"cam_r32m1"	4	NA	NA	NA	NA	NA
"cam"	"r"	"3"	"2"	"m1"	"cam_r32m1"	5	NA	NA	NA	NA	NA
"cam"	"r"	"3"	"2"	"m2"	"cam_r32m2"	1	6	7	15	8	9
"cam"	"r"	"3"	"2"	"m2"	"cam_r32m2"	2	27	22	29	8	21.5
"cam"	"r"	"3"	"2"	"m2"	"cam_r32m2"	3	6	4	6	5	5.25
"cam"	"r"	"3"	"2"	"m2"	"cam_r32m2"	4	24	19	17	13	18.25
"cam"	"r"	"3"	"2"	"m2"	"cam_r32m2"	5	16	20	12	7	13.75
"cam"	"r"	"4"	"1"	"m1"	"cam_r41m1"	1	9	2	7	2	5
"cam"	"r"	"4"	"1"	"m1"	"cam_r41m1"	2	12	21	20	16	17.25
"cam"	"r"	"4"	"1"	"m1"	"cam_r41m1"	3	15	25	18	14	18
"cam"	"r"	"4"	"1"	"m1"	"cam_r41m1"	4	54	52	44	44	48.5
"cam"	"r"	"4"	"1"	"m1"	"cam_r41m1"	5	18	22	23	17	20
"cam"	"r"	"4"	"1"	"m2"	"cam_r41m2"	1	2	2	12	4	5
"cam"	"r"	"4"	"1"	"m2"	"cam_r41m2"	2	8	1	10	3	5.5
"cam"	"r"	"4"	"1"	"m2"	"cam_r41m2"	3	4	1	4	5	3.5
"cam"	"r"	"4"	"1"	"m2"	"cam_r41m2"	4	10	4	8	10	8
"cam"	"r"	"4"	"1"	"m2"	"cam_r41m2"	5	10	0	2	9	5.25
"cam"	"r"	"4"	"2"	"m1"	"cam_r42m1"	1	9	1	1	6	4.25
"cam"	"r"	"4"	"2"	"m1"	"cam_r42m1"	2	5	3	7	5	5
"cam"	"r"	"4"	"2"	"m1"	"cam_r42m1"	3	1	1	2	5	2.25
"cam"	"r"	"4"	"2"	"m1"	"cam_r42m1"	4	1	5	7	7	5
"cam"	"r"	"4"	"2"	"m1"	"cam_r42m1"	5	13	17	9	5	11
"cam"	"r"	"4"	"2"	"m2"	"cam_r42m2"	1	22	15	15	4	14
"cam"	"r"	"4"	"2"	"m2"	"cam_r42m2"	2	15	8	9	22	13.5
"cam"	"r"	"4"	"2"	"m2"	"cam_r42m2"	3	17	11	34	17	19.75
"cam"	"r"	"4"	"2"	"m2"	"cam_r42m2"	4	39	21	22	36	29.5
"cam"	"r"	"4"	"2"	"m2"	"cam_r42m2"	5	38	36	35	31	35
"cam"	"r"	"5"	"1"	"m1"	"cam_r51m1"	1	10	5	2	3	5
"cam"	"r"	"5"	"1"	"m1"	"cam_r51m1"	2	22	21	20	26	22.25
"cam"	"r"	"5"	"1"	"m1"	"cam_r51m1"	3	13	0	12	0	6.25
"cam"	"r"	"5"	"1"	"m1"	"cam_r51m1"	4	31	22	13	13	19.75
"cam"	"r"	"5"	"1"	"m1"	"cam_r51m1"	5	5	14	4	11	8.5
"cam"	"r"	"5"	"1"	"m2"	"cam_r51m2"	1	30	27	10	7	18.5
"cam"	"r"	"5"	"1"	"m2"	"cam_r51m2"	2	6	2	5	6	4.75
"cam"	"r"	"5"	"1"	"m2"	"cam_r51m2"	3	17	13	9	7	11.5
"cam"	"r"	"5"	"1"	"m2"	"cam_r51m2"	4	2	2	4	3	2.75
"cam"	"r"	"5"	"1"	"m2"	"cam_r51m2"	5	6	4	5	0	3.75
"cam"	"r"	"5"	"2"	"m1"	"cam_r52m1"	1	13	47	115	90	66.25
"cam"	"r"	"5"	"2"	"m1"	"cam_r52m1"	2	35	33	30	66	41
"cam"	"r"	"5"	"2"	"m1"	"cam_r52m1"	3	144	200	175	200	179.75
"cam"	"r"	"5"	"2"	"m1"	"cam_r52m1"	4	50	185	54	188	119.25
"cam"	"r"	"5"	"2"	"m1"	"cam_r52m1"	5	64	124	80	130	99.5
"cam"	"r"	"5"	"2"	"m2"	"cam_r52m2"	1	9	7	4	6	6.5
"cam"	"r"	"5"	"2"	"m2"	"cam_r52m2"	2	7	26	8	29	17.5
"cam"	"r"	"5"	"2"	"m2"	"cam_r52m2"	3	8	12	30	12	15.5
"cam"	"r"	"5"	"2"	"m2"	"cam_r52m2"	4	11	20	17	20	17
"cam"	"r"	"5"	"2"	"m2"	"cam_r52m2"	5	18	15	12	17	15.5
"cam"	"u"	"1"	"1"	"m1"	"cam_u11m1"	1	2	6	2	9	4.75
"cam"	"u"	"1"	"1"	"m1"	"cam_u11m1"	2	5	0	0	3	2
"cam"	"u"	"1"	"1"	"m1"	"cam_u11m1"	3	1	1	0	1	0.75
"cam"	"u"	"1"	"1"	"m1"	"cam_u11m1"	4	1	2	9	6	4.5
"cam"	"u"	"1"	"1"	"m1"	"cam_u11m1"	5	4	1	5	3	3.25
"cam"	"u"	"1"	"1"	"m2"	"cam_u11m2"	1	11	0	3	3	4.25
"cam"	"u"	"1"	"1"	"m2"	"cam_u11m2"	2	1	1	0	1	0.75
"cam"	"u"	"1"	"1"	"m2"	"cam_u11m2"	3	1	2	4	1	2
"cam"	"u"	"1"	"1"	"m2"	"cam_u11m2"	4	0	3	1	12	4
"cam"	"u"	"1"	"1"	"m2"	"cam_u11m2"	5	7	1	11	4	5.75
"cam"	"u"	"1"	"2"	"m1"	"cam_u12m1"	1	0	0	1	0	0.25
"cam"	"u"	"1"	"2"	"m1"	"cam_u12m1"	2	3	0	5	0	2
"cam"	"u"	"1"	"2"	"m1"	"cam_u12m1"	3	4	0	4	11	4.75
"cam"	"u"	"1"	"2"	"m1"	"cam_u12m1"	4	6	3	0	0	2.25
"cam"	"u"	"1"	"2"	"m1"	"cam_u12m1"	5	2	2	2	9	3.75
"cam"	"u"	"1"	"2"	"m2"	"cam_u12m2"	1	4	5	0	13	5.5
"cam"	"u"	"1"	"2"	"m2"	"cam_u12m2"	2	1	2	2	2	1.75
"cam"	"u"	"1"	"2"	"m2"	"cam_u12m2"	3	25	38	0	1	16
"cam"	"u"	"1"	"2"	"m2"	"cam_u12m2"	4	5	11	1	1	4.5
"cam"	"u"	"1"	"2"	"m2"	"cam_u12m2"	5	2	1	5	4	3
"cam"	"u"	"2"	"1"	"m1"	"cam_u21m1"	1	6	2	3	17	7
"cam"	"u"	"2"	"1"	"m1"	"cam_u21m1"	2	3	6	10	2	5.25
"cam"	"u"	"2"	"1"	"m1"	"cam_u21m1"	3	24	23	9	4	15
"cam"	"u"	"2"	"1"	"m1"	"cam_u21m1"	4	6	10	15	9	10
"cam"	"u"	"2"	"1"	"m1"	"cam_u21m1"	5	0	0	1	1	0.5
"cam"	"u"	"2"	"1"	"m2"	"cam_u21m2"	1	0	1	4	7	3
"cam"	"u"	"2"	"1"	"m2"	"cam_u21m2"	2	0	2	1	0	0.75
"cam"	"u"	"2"	"1"	"m2"	"cam_u21m2"	3	3	6	3	3	3.75
"cam"	"u"	"2"	"1"	"m2"	"cam_u21m2"	4	0	7	0	0	1.75
"cam"	"u"	"2"	"1"	"m2"	"cam_u21m2"	5	1	13	4	5	5.75
"cam"	"u"	"2"	"2"	"m1"	"cam_u22m1"	1	2	1	1	0	1
"cam"	"u"	"2"	"2"	"m1"	"cam_u22m1"	2	3	4	2	1	2.5
"cam"	"u"	"2"	"2"	"m1"	"cam_u22m1"	3	0	1	6	0	1.75
"cam"	"u"	"2"	"2"	"m1"	"cam_u22m1"	4	4	2	5	5	4
"cam"	"u"	"2"	"2"	"m1"	"cam_u22m1"	5	3	2	3	7	3.75
"cam"	"u"	"2"	"2"	"m2"	"cam_u22m2"	1	3	4	9	5	5.25
"cam"	"u"	"2"	"2"	"m2"	"cam_u22m2"	2	6	4	5	3	4.5
"cam"	"u"	"2"	"2"	"m2"	"cam_u22m2"	3	1	3	7	2	3.25
"cam"	"u"	"2"	"2"	"m2"	"cam_u22m2"	4	6	3	8	6	5.75
"cam"	"u"	"2"	"2"	"m2"	"cam_u22m2"	5	6	0	10	3	4.75
"cam"	"u"	"3"	"1"	"m1"	"cam_u31m1"	1	8	6	9	0	5.75
"cam"	"u"	"3"	"1"	"m1"	"cam_u31m1"	2	9	4	4	14	7.75
"cam"	"u"	"3"	"1"	"m1"	"cam_u31m1"	3	5	27	12	16	15
"cam"	"u"	"3"	"1"	"m1"	"cam_u31m1"	4	9	4	5	5	5.75
"cam"	"u"	"3"	"1"	"m1"	"cam_u31m1"	5	1	2	3	4	2.5
"cam"	"u"	"3"	"1"	"m2"	"cam_u31m2"	1	1	2	1	1	1.25
"cam"	"u"	"3"	"1"	"m2"	"cam_u31m2"	2	3	0	1	1	1.25
"cam"	"u"	"3"	"1"	"m2"	"cam_u31m2"	3	5	7	2	0	3.5
"cam"	"u"	"3"	"1"	"m2"	"cam_u31m2"	4	0	5	5	2	3
"cam"	"u"	"3"	"1"	"m2"	"cam_u31m2"	5	0	0	1	3	1
"cam"	"u"	"3"	"2"	"m1"	"cam_u32m1"	1	1	2	1	10	3.5
"cam"	"u"	"3"	"2"	"m1"	"cam_u32m1"	2	1	3	1	0	1.25
"cam"	"u"	"3"	"2"	"m1"	"cam_u32m1"	3	13	7	3	9	8
"cam"	"u"	"3"	"2"	"m1"	"cam_u32m1"	4	1	3	3	3	2.5
"cam"	"u"	"3"	"2"	"m1"	"cam_u32m1"	5	9	7	9	10	8.75
"cam"	"u"	"3"	"2"	"m2"	"cam_u32m2"	1	3	2	4	0	2.25
"cam"	"u"	"3"	"2"	"m2"	"cam_u32m2"	2	0	0	0	2	0.5
"cam"	"u"	"3"	"2"	"m2"	"cam_u32m2"	3	1	2	6	0	2.25
"cam"	"u"	"3"	"2"	"m2"	"cam_u32m2"	4	1	0	1	3	1.25
"cam"	"u"	"3"	"2"	"m2"	"cam_u32m2"	5	1	1	9	8	4.75
"cam"	"u"	"4"	"1"	"m1"	"cam_u41m1"	1	3	9	2	5	4.75
"cam"	"u"	"4"	"1"	"m1"	"cam_u41m1"	2	7	23	20	7	14.25
"cam"	"u"	"4"	"1"	"m1"	"cam_u41m1"	3	12	9	10	5	9
"cam"	"u"	"4"	"1"	"m1"	"cam_u41m1"	4	1	7	0	1	2.25
"cam"	"u"	"4"	"1"	"m1"	"cam_u41m1"	5	13	8	17	9	11.75
"cam"	"u"	"4"	"1"	"m2"	"cam_u41m2"	1	5	6	8	9	7
"cam"	"u"	"4"	"1"	"m2"	"cam_u41m2"	2	7	8	4	7	6.5
"cam"	"u"	"4"	"1"	"m2"	"cam_u41m2"	3	12	9	10	5	9
"cam"	"u"	"4"	"1"	"m2"	"cam_u41m2"	4	11	3	5	8	6.75
"cam"	"u"	"4"	"1"	"m2"	"cam_u41m2"	5	3	6	1	8	4.5
"cam"	"u"	"4"	"2"	"m1"	"cam_u42m1"	1	3	2	8	2	3.75
"cam"	"u"	"4"	"2"	"m1"	"cam_u42m1"	2	1	0	0	0	0.25
"cam"	"u"	"4"	"2"	"m1"	"cam_u42m1"	3	0	2	0	2	1
"cam"	"u"	"4"	"2"	"m1"	"cam_u42m1"	4	3	2	0	2	1.75
"cam"	"u"	"4"	"2"	"m1"	"cam_u42m1"	5	3	0	0	0	0.75
"cam"	"u"	"4"	"2"	"m2"	"cam_u42m2"	1	1	4	5	4	3.5
"cam"	"u"	"4"	"2"	"m2"	"cam_u42m2"	2	1	0	0	1	0.5
"cam"	"u"	"4"	"2"	"m2"	"cam_u42m2"	3	1	1	0	2	1
"cam"	"u"	"4"	"2"	"m2"	"cam_u42m2"	4	6	2	3	1	3
"cam"	"u"	"4"	"2"	"m2"	"cam_u42m2"	5	0	0	0	0	0
"cam"	"u"	"5"	"1"	"m1"	"cam_u51m1"	1	9	4	5	6	6
"cam"	"u"	"5"	"1"	"m1"	"cam_u51m1"	2	0	0	0	0	0
"cam"	"u"	"5"	"1"	"m1"	"cam_u51m1"	3	1	2	0	1	1
"cam"	"u"	"5"	"1"	"m1"	"cam_u51m1"	4	2	2	4	0	2
"cam"	"u"	"5"	"1"	"m1"	"cam_u51m1"	5	3	1	1	0	1.25
"cam"	"u"	"5"	"1"	"m2"	"cam_u51m2"	1	7	3	6	10	6.5
"cam"	"u"	"5"	"1"	"m2"	"cam_u51m2"	2	1	1	6	1	2.25
"cam"	"u"	"5"	"1"	"m2"	"cam_u51m2"	3	6	14	7	12	9.75
"cam"	"u"	"5"	"1"	"m2"	"cam_u51m2"	4	4	1	4	0	2.25
"cam"	"u"	"5"	"1"	"m2"	"cam_u51m2"	5	1	5	6	3	3.75
"cam"	"u"	"5"	"2"	"m1"	"cam_u52m1"	1	13	8	10	7	9.5
"cam"	"u"	"5"	"2"	"m1"	"cam_u52m1"	2	7	1	7	2	4.25
"cam"	"u"	"5"	"2"	"m1"	"cam_u52m1"	3	0	1	1	3	1.25
"cam"	"u"	"5"	"2"	"m1"	"cam_u52m1"	4	6	7	1	2	4
"cam"	"u"	"5"	"2"	"m1"	"cam_u52m1"	5	8	13	11	6	9.5
"cam"	"u"	"5"	"2"	"m2"	"cam_u52m2"	1	1	3	4	4	3
"cam"	"u"	"5"	"2"	"m2"	"cam_u52m2"	2	0	3	0	0	0.75
"cam"	"u"	"5"	"2"	"m2"	"cam_u52m2"	3	3	3	5	0	2.75
"cam"	"u"	"5"	"2"	"m2"	"cam_u52m2"	4	8	11	10	9	9.5
"cam"	"u"	"5"	"2"	"m2"	"cam_u52m2"	5	2	6	2	7	4.25
"cun"	"r"	"1"	"1"	"m1"	"cun_r11m1"	1	13	17	16	NA	15.3333333333333
"cun"	"r"	"1"	"1"	"m1"	"cun_r11m1"	2	20	18	21	10	17.25
"cun"	"r"	"1"	"1"	"m1"	"cun_r11m1"	3	0	7	12	0	4.75
"cun"	"r"	"1"	"1"	"m1"	"cun_r11m1"	4	7	11	19	17	13.5
"cun"	"r"	"1"	"1"	"m1"	"cun_r11m1"	5	12	10	15	9	11.5
"cun"	"r"	"1"	"1"	"m2"	"cun_r11m2"	1	NA	NA	NA	NA	NA
"cun"	"r"	"1"	"1"	"m2"	"cun_r11m2"	2	NA	NA	NA	NA	NA
"cun"	"r"	"1"	"1"	"m2"	"cun_r11m2"	3	NA	NA	NA	NA	NA
"cun"	"r"	"1"	"1"	"m2"	"cun_r11m2"	4	NA	NA	NA	NA	NA
"cun"	"r"	"1"	"1"	"m2"	"cun_r11m2"	5	NA	NA	NA	NA	NA
"cun"	"r"	"1"	"2"	"m1"	"cun_r12m1"	1	3	2	0	0	1.25
"cun"	"r"	"1"	"2"	"m1"	"cun_r12m1"	2	1	1	0	2	1
"cun"	"r"	"1"	"2"	"m1"	"cun_r12m1"	3	1	2	1	1	1.25
"cun"	"r"	"1"	"2"	"m1"	"cun_r12m1"	4	26	4	10	15	13.75
"cun"	"r"	"1"	"2"	"m1"	"cun_r12m1"	5	1	29	13	0	10.75
"cun"	"r"	"1"	"2"	"m2"	"cun_r12m2"	1	7	9	5	5	6.5
"cun"	"r"	"1"	"2"	"m2"	"cun_r12m2"	2	3	8	6	4	5.25
"cun"	"r"	"1"	"2"	"m2"	"cun_r12m2"	3	7	9	4	1	5.25
"cun"	"r"	"1"	"2"	"m2"	"cun_r12m2"	4	7	4	1	3	3.75
"cun"	"r"	"1"	"2"	"m2"	"cun_r12m2"	5	12	5	6	4	6.75
"cun"	"r"	"2"	"1"	"m1"	"cun_r21m1"	1	0	0	1	1	0.5
"cun"	"r"	"2"	"1"	"m1"	"cun_r21m1"	2	3	5	3	3	3.5
"cun"	"r"	"2"	"1"	"m1"	"cun_r21m1"	3	7	0	10	1	4.5
"cun"	"r"	"2"	"1"	"m1"	"cun_r21m1"	4	10	2	6	4	5.5
"cun"	"r"	"2"	"1"	"m1"	"cun_r21m1"	5	0	0	0	0	0
"cun"	"r"	"2"	"1"	"m2"	"cun_r21m2"	1	0	2	9	1	3
"cun"	"r"	"2"	"1"	"m2"	"cun_r21m2"	2	3	4	0	0	1.75
"cun"	"r"	"2"	"1"	"m2"	"cun_r21m2"	3	2	4	4	4	3.5
"cun"	"r"	"2"	"1"	"m2"	"cun_r21m2"	4	0	0	0	0	0
"cun"	"r"	"2"	"1"	"m2"	"cun_r21m2"	5	7	13	7	8	8.75
"cun"	"r"	"2"	"2"	"m1"	"cun_r22m1"	1	6	1	1	9	4.25
"cun"	"r"	"2"	"2"	"m1"	"cun_r22m1"	2	3	6	0	0	2.25
"cun"	"r"	"2"	"2"	"m1"	"cun_r22m1"	3	2	0	1	1	1
"cun"	"r"	"2"	"2"	"m1"	"cun_r22m1"	4	0	4	1	0	1.25
"cun"	"r"	"2"	"2"	"m1"	"cun_r22m1"	5	2	3	3	4	3
"cun"	"r"	"2"	"2"	"m2"	"cun_r22m2"	1	24	2	3	15	11
"cun"	"r"	"2"	"2"	"m2"	"cun_r22m2"	2	6	3	2	6	4.25
"cun"	"r"	"2"	"2"	"m2"	"cun_r22m2"	3	3	0	0	0	0.75
"cun"	"r"	"2"	"2"	"m2"	"cun_r22m2"	4	6	23	18	12	14.75
"cun"	"r"	"2"	"2"	"m2"	"cun_r22m2"	5	2	3	4	1	2.5
"cun"	"r"	"3"	"1"	"m1"	"cun_r31m1"	1	6	14	15	14	12.25
"cun"	"r"	"3"	"1"	"m1"	"cun_r31m1"	2	31	8	4	8	12.75
"cun"	"r"	"3"	"1"	"m1"	"cun_r31m1"	3	6	4	11	7	7
"cun"	"r"	"3"	"1"	"m1"	"cun_r31m1"	4	7	3	1	28	9.75
"cun"	"r"	"3"	"1"	"m1"	"cun_r31m1"	5	4	4	6	8	5.5
"cun"	"r"	"3"	"1"	"m2"	"cun_r31m2"	1	7	1	3	5	4
"cun"	"r"	"3"	"1"	"m2"	"cun_r31m2"	2	3	4	7	5	4.75
"cun"	"r"	"3"	"1"	"m2"	"cun_r31m2"	3	3	1	6	5	3.75
"cun"	"r"	"3"	"1"	"m2"	"cun_r31m2"	4	3	5	7	0	3.75
"cun"	"r"	"3"	"1"	"m2"	"cun_r31m2"	5	13	19	13	10	13.75
"cun"	"r"	"3"	"2"	"m1"	"cun_r32m1"	1	3	3	0	1	1.75
"cun"	"r"	"3"	"2"	"m1"	"cun_r32m1"	2	1	4	6	1	3
"cun"	"r"	"3"	"2"	"m1"	"cun_r32m1"	3	11	4	3	2	5
"cun"	"r"	"3"	"2"	"m1"	"cun_r32m1"	4	2	1	4	8	3.75
"cun"	"r"	"3"	"2"	"m1"	"cun_r32m1"	5	1	2	0	4	1.75
"cun"	"r"	"3"	"2"	"m2"	"cun_r32m2"	1	2	2	1	0	1.25
"cun"	"r"	"3"	"2"	"m2"	"cun_r32m2"	2	7	7	1	12	6.75
"cun"	"r"	"3"	"2"	"m2"	"cun_r32m2"	3	1	4	6	10	5.25
"cun"	"r"	"3"	"2"	"m2"	"cun_r32m2"	4	12	17	6	6	10.25
"cun"	"r"	"3"	"2"	"m2"	"cun_r32m2"	5	3	20	6	2	7.75
"cun"	"r"	"4"	"1"	"m1"	"cun_r41m1"	1	NA	NA	NA	NA	NA
"cun"	"r"	"4"	"1"	"m1"	"cun_r41m1"	2	NA	NA	NA	NA	NA
"cun"	"r"	"4"	"1"	"m1"	"cun_r41m1"	3	NA	NA	NA	NA	NA
"cun"	"r"	"4"	"1"	"m1"	"cun_r41m1"	4	NA	NA	NA	NA	NA
"cun"	"r"	"4"	"1"	"m1"	"cun_r41m1"	5	NA	NA	NA	NA	NA
"cun"	"r"	"4"	"1"	"m2"	"cun_r41m2"	1	6	4	5	9	6
"cun"	"r"	"4"	"1"	"m2"	"cun_r41m2"	2	12	11	12	5	10
"cun"	"r"	"4"	"1"	"m2"	"cun_r41m2"	3	4	1	4	3	3
"cun"	"r"	"4"	"1"	"m2"	"cun_r41m2"	4	10	4	16	8	9.5
"cun"	"r"	"4"	"1"	"m2"	"cun_r41m2"	5	17	11	16	22	16.5
"cun"	"r"	"4"	"2"	"m1"	"cun_r42m1"	1	3	2	4	3	3
"cun"	"r"	"4"	"2"	"m1"	"cun_r42m1"	2	7	5	8	8	7
"cun"	"r"	"4"	"2"	"m1"	"cun_r42m1"	3	10	7	6	9	8
"cun"	"r"	"4"	"2"	"m1"	"cun_r42m1"	4	3	2	8	NA	4.33333333333333
"cun"	"r"	"4"	"2"	"m1"	"cun_r42m1"	5	0	3	2	0	1.25
"cun"	"r"	"4"	"2"	"m2"	"cun_r42m2"	1	NA	NA	NA	NA	NA
"cun"	"r"	"4"	"2"	"m2"	"cun_r42m2"	2	NA	NA	NA	NA	NA
"cun"	"r"	"4"	"2"	"m2"	"cun_r42m2"	3	NA	NA	NA	NA	NA
"cun"	"r"	"4"	"2"	"m2"	"cun_r42m2"	4	NA	NA	NA	NA	NA
"cun"	"r"	"4"	"2"	"m2"	"cun_r42m2"	5	NA	NA	NA	NA	NA
"cun"	"r"	"5"	"1"	"m1"	"cun_r51m1"	1	NA	NA	NA	NA	NA
"cun"	"r"	"5"	"1"	"m1"	"cun_r51m1"	2	NA	NA	NA	NA	NA
"cun"	"r"	"5"	"1"	"m1"	"cun_r51m1"	3	NA	NA	NA	NA	NA
"cun"	"r"	"5"	"1"	"m1"	"cun_r51m1"	4	NA	NA	NA	NA	NA
"cun"	"r"	"5"	"1"	"m1"	"cun_r51m1"	5	NA	NA	NA	NA	NA
"cun"	"r"	"5"	"1"	"m2"	"cun_r51m2"	1	19	30	21	17	21.75
"cun"	"r"	"5"	"1"	"m2"	"cun_r51m2"	2	21	18	15	31	21.25
"cun"	"r"	"5"	"1"	"m2"	"cun_r51m2"	3	11	20	16	13	15
"cun"	"r"	"5"	"1"	"m2"	"cun_r51m2"	4	28	24	19	11	20.5
"cun"	"r"	"5"	"1"	"m2"	"cun_r51m2"	5	18	11	23	10	15.5
"cun"	"r"	"5"	"2"	"m1"	"cun_r52m1"	1	NA	NA	NA	NA	NA
"cun"	"r"	"5"	"2"	"m1"	"cun_r52m1"	2	NA	NA	NA	NA	NA
"cun"	"r"	"5"	"2"	"m1"	"cun_r52m1"	3	NA	NA	NA	NA	NA
"cun"	"r"	"5"	"2"	"m1"	"cun_r52m1"	4	NA	NA	NA	NA	NA
"cun"	"r"	"5"	"2"	"m1"	"cun_r52m1"	5	NA	NA	NA	NA	NA
"cun"	"r"	"5"	"2"	"m2"	"cun_r52m2"	1	7	3	3	1	3.5
"cun"	"r"	"5"	"2"	"m2"	"cun_r52m2"	2	17	4	2	17	10
"cun"	"r"	"5"	"2"	"m2"	"cun_r52m2"	3	19	20	6	7	13
"cun"	"r"	"5"	"2"	"m2"	"cun_r52m2"	4	15	17	3	2	9.25
"cun"	"r"	"5"	"2"	"m2"	"cun_r52m2"	5	4	9	4	10	6.75
"cun"	"u"	"1"	"1"	"m1"	"cun_u11m1"	1	16	10	22	7	13.75
"cun"	"u"	"1"	"1"	"m1"	"cun_u11m1"	2	12	11	13	10	11.5
"cun"	"u"	"1"	"1"	"m1"	"cun_u11m1"	3	13	23	4	6	11.5
"cun"	"u"	"1"	"1"	"m1"	"cun_u11m1"	4	3	4	3	7	4.25
"cun"	"u"	"1"	"1"	"m1"	"cun_u11m1"	5	2	0	0	1	0.75
"cun"	"u"	"1"	"1"	"m2"	"cun_u11m2"	1	5	6	3	1	3.75
"cun"	"u"	"1"	"1"	"m2"	"cun_u11m2"	2	2	1	2	6	2.75
"cun"	"u"	"1"	"1"	"m2"	"cun_u11m2"	3	10	0	6	1	4.25
"cun"	"u"	"1"	"1"	"m2"	"cun_u11m2"	4	4	2	6	1	3.25
"cun"	"u"	"1"	"1"	"m2"	"cun_u11m2"	5	5	6	4	7	5.5
"cun"	"u"	"1"	"2"	"m1"	"cun_u12m1"	1	7	4	16	5	8
"cun"	"u"	"1"	"2"	"m1"	"cun_u12m1"	2	6	13	8	6	8.25
"cun"	"u"	"1"	"2"	"m1"	"cun_u12m1"	3	1	8	8	2	4.75
"cun"	"u"	"1"	"2"	"m1"	"cun_u12m1"	4	5	2	2	6	3.75
"cun"	"u"	"1"	"2"	"m1"	"cun_u12m1"	5	2	8	4	1	3.75
"cun"	"u"	"1"	"2"	"m2"	"cun_u12m2"	1	7	4	1	5	4.25
"cun"	"u"	"1"	"2"	"m2"	"cun_u12m2"	2	11	11	15	14	12.75
"cun"	"u"	"1"	"2"	"m2"	"cun_u12m2"	3	12	20	6	24	15.5
"cun"	"u"	"1"	"2"	"m2"	"cun_u12m2"	4	2	9	4	4	4.75
"cun"	"u"	"1"	"2"	"m2"	"cun_u12m2"	5	10	4	7	5	6.5
"cun"	"u"	"2"	"1"	"m1"	"cun_u21m1"	1	6	9	6	11	8
"cun"	"u"	"2"	"1"	"m1"	"cun_u21m1"	2	1	1	2	2	1.5
"cun"	"u"	"2"	"1"	"m1"	"cun_u21m1"	3	3	3	7	7	5
"cun"	"u"	"2"	"1"	"m1"	"cun_u21m1"	4	5	1	13	2	5.25
"cun"	"u"	"2"	"1"	"m1"	"cun_u21m1"	5	10	3	10	3	6.5
"cun"	"u"	"2"	"1"	"m2"	"cun_u21m2"	1	5	10	2	7	6
"cun"	"u"	"2"	"1"	"m2"	"cun_u21m2"	2	5	13	6	4	7
"cun"	"u"	"2"	"1"	"m2"	"cun_u21m2"	3	12	5	10	9	9
"cun"	"u"	"2"	"1"	"m2"	"cun_u21m2"	4	2	1	3	8	3.5
"cun"	"u"	"2"	"1"	"m2"	"cun_u21m2"	5	12	2	10	7	7.75
"cun"	"u"	"2"	"2"	"m1"	"cun_u22m1"	1	13	8	9	11	10.25
"cun"	"u"	"2"	"2"	"m1"	"cun_u22m1"	2	37	27	12	12	22
"cun"	"u"	"2"	"2"	"m1"	"cun_u22m1"	3	11	14	13	21	14.75
"cun"	"u"	"2"	"2"	"m1"	"cun_u22m1"	4	14	4	13	20	12.75
"cun"	"u"	"2"	"2"	"m1"	"cun_u22m1"	5	26	19	30	25	25
"cun"	"u"	"2"	"2"	"m2"	"cun_u22m2"	1	11	7	13	10	10.25
"cun"	"u"	"2"	"2"	"m2"	"cun_u22m2"	2	13	25	14	10	15.5
"cun"	"u"	"2"	"2"	"m2"	"cun_u22m2"	3	26	25	15	13	19.75
"cun"	"u"	"2"	"2"	"m2"	"cun_u22m2"	4	23	14	10	16	15.75
"cun"	"u"	"2"	"2"	"m2"	"cun_u22m2"	5	25	2	2	13	10.5
"cun"	"u"	"3"	"1"	"m1"	"cun_u31m1"	1	20	7	33	35	23.75
"cun"	"u"	"3"	"1"	"m1"	"cun_u31m1"	2	37	2	6	56	25.25
"cun"	"u"	"3"	"1"	"m1"	"cun_u31m1"	3	32	21	25	16	23.5
"cun"	"u"	"3"	"1"	"m1"	"cun_u31m1"	4	5	4	66	30	26.25
"cun"	"u"	"3"	"1"	"m1"	"cun_u31m1"	5	4	19	15	13	12.75
"cun"	"u"	"3"	"1"	"m2"	"cun_u31m2"	1	16	5	10	21	13
"cun"	"u"	"3"	"1"	"m2"	"cun_u31m2"	2	3	9	4	1	4.25
"cun"	"u"	"3"	"1"	"m2"	"cun_u31m2"	3	59	11	16	73	39.75
"cun"	"u"	"3"	"1"	"m2"	"cun_u31m2"	4	14	9	2	2	6.75
"cun"	"u"	"3"	"1"	"m2"	"cun_u31m2"	5	6	13	15	11	11.25
"cun"	"u"	"3"	"2"	"m1"	"cun_u32m1"	1	8	2	5	6	5.25
"cun"	"u"	"3"	"2"	"m1"	"cun_u32m1"	2	14	12	7	13	11.5
"cun"	"u"	"3"	"2"	"m1"	"cun_u32m1"	3	4	2	6	3	3.75
"cun"	"u"	"3"	"2"	"m1"	"cun_u32m1"	4	17	20	17	10	16
"cun"	"u"	"3"	"2"	"m1"	"cun_u32m1"	5	2	5	2	17	6.5
"cun"	"u"	"3"	"2"	"m2"	"cun_u32m2"	1	9	6	3	3	5.25
"cun"	"u"	"3"	"2"	"m2"	"cun_u32m2"	2	3	5	7	0	3.75
"cun"	"u"	"3"	"2"	"m2"	"cun_u32m2"	3	4	11	12	2	7.25
"cun"	"u"	"3"	"2"	"m2"	"cun_u32m2"	4	5	5	8	8	6.5
"cun"	"u"	"3"	"2"	"m2"	"cun_u32m2"	5	7	4	7	6	6
"cun"	"u"	"4"	"1"	"m1"	"cun_u41m1"	1	11	15	15	10	12.75
"cun"	"u"	"4"	"1"	"m1"	"cun_u41m1"	2	17	18	16	NA	17
"cun"	"u"	"4"	"1"	"m1"	"cun_u41m1"	3	10	8	13	13	11
"cun"	"u"	"4"	"1"	"m1"	"cun_u41m1"	4	6	3	9	NA	6
"cun"	"u"	"4"	"1"	"m1"	"cun_u41m1"	5	13	13	12	9	11.75
"cun"	"u"	"4"	"1"	"m2"	"cun_u41m2"	1	15	7	9	1	8
"cun"	"u"	"4"	"1"	"m2"	"cun_u41m2"	2	7	20	8	32	16.75
"cun"	"u"	"4"	"1"	"m2"	"cun_u41m2"	3	2	3	4	4	3.25
"cun"	"u"	"4"	"1"	"m2"	"cun_u41m2"	4	7	2	6	9	6
"cun"	"u"	"4"	"1"	"m2"	"cun_u41m2"	5	9	7	3	3	5.5
"cun"	"u"	"4"	"2"	"m1"	"cun_u42m1"	1	NA	NA	NA	NA	NA
"cun"	"u"	"4"	"2"	"m1"	"cun_u42m1"	2	NA	NA	NA	NA	NA
"cun"	"u"	"4"	"2"	"m1"	"cun_u42m1"	3	NA	NA	NA	NA	NA
"cun"	"u"	"4"	"2"	"m1"	"cun_u42m1"	4	NA	NA	NA	NA	NA
"cun"	"u"	"4"	"2"	"m1"	"cun_u42m1"	5	NA	NA	NA	NA	NA
"cun"	"u"	"4"	"2"	"m2"	"cun_u42m2"	1	NA	NA	NA	NA	NA
"cun"	"u"	"4"	"2"	"m2"	"cun_u42m2"	2	NA	NA	NA	NA	NA
"cun"	"u"	"4"	"2"	"m2"	"cun_u42m2"	3	NA	NA	NA	NA	NA
"cun"	"u"	"4"	"2"	"m2"	"cun_u42m2"	4	NA	NA	NA	NA	NA
"cun"	"u"	"4"	"2"	"m2"	"cun_u42m2"	5	NA	NA	NA	NA	NA
"cun"	"u"	"5"	"1"	"m1"	"cun_u51m1"	1	NA	NA	NA	NA	NA
"cun"	"u"	"5"	"1"	"m1"	"cun_u51m1"	2	NA	NA	NA	NA	NA
"cun"	"u"	"5"	"1"	"m1"	"cun_u51m1"	3	NA	NA	NA	NA	NA
"cun"	"u"	"5"	"1"	"m1"	"cun_u51m1"	4	NA	NA	NA	NA	NA
"cun"	"u"	"5"	"1"	"m1"	"cun_u51m1"	5	NA	NA	NA	NA	NA
"cun"	"u"	"5"	"1"	"m2"	"cun_u51m2"	1	5	5	11	17	9.5
"cun"	"u"	"5"	"1"	"m2"	"cun_u51m2"	2	7	6	12	14	9.75
"cun"	"u"	"5"	"1"	"m2"	"cun_u51m2"	3	33	42	16	15	26.5
"cun"	"u"	"5"	"1"	"m2"	"cun_u51m2"	4	13	4	6	7	7.5
"cun"	"u"	"5"	"1"	"m2"	"cun_u51m2"	5	10	16	30	40	24
"cun"	"u"	"5"	"2"	"m1"	"cun_u52m1"	1	10	19	20	5	13.5
"cun"	"u"	"5"	"2"	"m1"	"cun_u52m1"	2	11	7	11	11	10
"cun"	"u"	"5"	"2"	"m1"	"cun_u52m1"	3	19	19	12	14	16
"cun"	"u"	"5"	"2"	"m1"	"cun_u52m1"	4	8	4	4	5	5.25
"cun"	"u"	"5"	"2"	"m1"	"cun_u52m1"	5	7	7	11	5	7.5
"cun"	"u"	"5"	"2"	"m2"	"cun_u52m2"	1	2	0	0	0	0.5
"cun"	"u"	"5"	"2"	"m2"	"cun_u52m2"	2	6	3	3	3	3.75
"cun"	"u"	"5"	"2"	"m2"	"cun_u52m2"	3	1	3	5	3	3
"cun"	"u"	"5"	"2"	"m2"	"cun_u52m2"	4	3	1	5	4	3.25
"cun"	"u"	"5"	"2"	"m2"	"cun_u52m2"	5	0	0	0	0	0
"mid"	"r"	"1"	"1"	"m1"	"mid_r11m1"	1	6	30	1	4	10.25
"mid"	"r"	"1"	"1"	"m1"	"mid_r11m1"	2	20	4	0	8	8
"mid"	"r"	"1"	"1"	"m1"	"mid_r11m1"	3	NA	NA	NA	NA	NA
"mid"	"r"	"1"	"1"	"m1"	"mid_r11m1"	4	NA	NA	NA	NA	NA
"mid"	"r"	"1"	"1"	"m1"	"mid_r11m1"	5	NA	NA	NA	NA	NA
"mid"	"r"	"1"	"1"	"m2"	"mid_r11m2"	1	2	7	25	4	9.5
"mid"	"r"	"1"	"1"	"m2"	"mid_r11m2"	2	13	11	6	3	8.25
"mid"	"r"	"1"	"1"	"m2"	"mid_r11m2"	3	NA	NA	NA	NA	NA
"mid"	"r"	"1"	"1"	"m2"	"mid_r11m2"	4	NA	NA	NA	NA	NA
"mid"	"r"	"1"	"1"	"m2"	"mid_r11m2"	5	NA	NA	NA	NA	NA
"mid"	"r"	"1"	"2"	"m1"	"mid_r12m1"	1	18	4	13	16	12.75
"mid"	"r"	"1"	"2"	"m1"	"mid_r12m1"	2	17	13	10	7	11.75
"mid"	"r"	"1"	"2"	"m1"	"mid_r12m1"	3	NA	NA	NA	NA	NA
"mid"	"r"	"1"	"2"	"m1"	"mid_r12m1"	4	NA	NA	NA	NA	NA
"mid"	"r"	"1"	"2"	"m1"	"mid_r12m1"	5	NA	NA	NA	NA	NA
"mid"	"r"	"1"	"2"	"m2"	"mid_r12m2"	1	7	16	11	10	11
"mid"	"r"	"1"	"2"	"m2"	"mid_r12m2"	2	1	1	10	11	5.75
"mid"	"r"	"1"	"2"	"m2"	"mid_r12m2"	3	NA	NA	NA	NA	NA
"mid"	"r"	"1"	"2"	"m2"	"mid_r12m2"	4	NA	NA	NA	NA	NA
"mid"	"r"	"1"	"2"	"m2"	"mid_r12m2"	5	NA	NA	NA	NA	NA
"mid"	"r"	"2"	"1"	"m1"	"mid_r21m1"	1	10	9	1	0	5
"mid"	"r"	"2"	"1"	"m1"	"mid_r21m1"	2	6	3	1	0	2.5
"mid"	"r"	"2"	"1"	"m1"	"mid_r21m1"	3	2	0	11	1	3.5
"mid"	"r"	"2"	"1"	"m1"	"mid_r21m1"	4	1	0	19	3	5.75
"mid"	"r"	"2"	"1"	"m1"	"mid_r21m1"	5	NA	NA	NA	NA	NA
"mid"	"r"	"2"	"1"	"m2"	"mid_r21m2"	1	NA	NA	NA	NA	NA
"mid"	"r"	"2"	"1"	"m2"	"mid_r21m2"	2	NA	NA	NA	NA	NA
"mid"	"r"	"2"	"1"	"m2"	"mid_r21m2"	3	NA	NA	NA	NA	NA
"mid"	"r"	"2"	"1"	"m2"	"mid_r21m2"	4	NA	NA	NA	NA	NA
"mid"	"r"	"2"	"1"	"m2"	"mid_r21m2"	5	NA	NA	NA	NA	NA
"mid"	"r"	"2"	"2"	"m1"	"mid_r22m1"	1	NA	NA	NA	NA	NA
"mid"	"r"	"2"	"2"	"m1"	"mid_r22m1"	2	NA	NA	NA	NA	NA
"mid"	"r"	"2"	"2"	"m1"	"mid_r22m1"	3	NA	NA	NA	NA	NA
"mid"	"r"	"2"	"2"	"m1"	"mid_r22m1"	4	NA	NA	NA	NA	NA
"mid"	"r"	"2"	"2"	"m1"	"mid_r22m1"	5	NA	NA	NA	NA	NA
"mid"	"r"	"2"	"2"	"m2"	"mid_r22m2"	1	NA	NA	NA	NA	NA
"mid"	"r"	"2"	"2"	"m2"	"mid_r22m2"	2	NA	NA	NA	NA	NA
"mid"	"r"	"2"	"2"	"m2"	"mid_r22m2"	3	NA	NA	NA	NA	NA
"mid"	"r"	"2"	"2"	"m2"	"mid_r22m2"	4	NA	NA	NA	NA	NA
"mid"	"r"	"2"	"2"	"m2"	"mid_r22m2"	5	NA	NA	NA	NA	NA
"mid"	"r"	"3"	"1"	"m1"	"mid_r31m1"	1	0	0	5	8	3.25
"mid"	"r"	"3"	"1"	"m1"	"mid_r31m1"	2	4	2	3	3	3
"mid"	"r"	"3"	"1"	"m1"	"mid_r31m1"	3	NA	NA	NA	NA	NA
"mid"	"r"	"3"	"1"	"m1"	"mid_r31m1"	4	NA	NA	NA	NA	NA
"mid"	"r"	"3"	"1"	"m1"	"mid_r31m1"	5	NA	NA	NA	NA	NA
"mid"	"r"	"3"	"1"	"m2"	"mid_r31m2"	1	7	6	8	9	7.5
"mid"	"r"	"3"	"1"	"m2"	"mid_r31m2"	2	5	10	12	21	12
"mid"	"r"	"3"	"1"	"m2"	"mid_r31m2"	3	NA	NA	NA	NA	NA
"mid"	"r"	"3"	"1"	"m2"	"mid_r31m2"	4	NA	NA	NA	NA	NA
"mid"	"r"	"3"	"1"	"m2"	"mid_r31m2"	5	NA	NA	NA	NA	NA
"mid"	"r"	"3"	"2"	"m1"	"mid_r32m1"	1	13	25	9	9	14
"mid"	"r"	"3"	"2"	"m1"	"mid_r32m1"	2	2	6	25	8	10.25
"mid"	"r"	"3"	"2"	"m1"	"mid_r32m1"	3	NA	NA	NA	NA	NA
"mid"	"r"	"3"	"2"	"m1"	"mid_r32m1"	4	NA	NA	NA	NA	NA
"mid"	"r"	"3"	"2"	"m1"	"mid_r32m1"	5	NA	NA	NA	NA	NA
"mid"	"r"	"3"	"2"	"m2"	"mid_r32m2"	1	NA	NA	NA	NA	NA
"mid"	"r"	"3"	"2"	"m2"	"mid_r32m2"	2	NA	NA	NA	NA	NA
"mid"	"r"	"3"	"2"	"m2"	"mid_r32m2"	3	NA	NA	NA	NA	NA
"mid"	"r"	"3"	"2"	"m2"	"mid_r32m2"	4	NA	NA	NA	NA	NA
"mid"	"r"	"3"	"2"	"m2"	"mid_r32m2"	5	NA	NA	NA	NA	NA
"mid"	"r"	"4"	"1"	"m1"	"mid_r41m1"	1	5	0	3	1	2.25
"mid"	"r"	"4"	"1"	"m1"	"mid_r41m1"	2	2	0	10	0	3
"mid"	"r"	"4"	"1"	"m1"	"mid_r41m1"	3	NA	NA	NA	NA	NA
"mid"	"r"	"4"	"1"	"m1"	"mid_r41m1"	4	NA	NA	NA	NA	NA
"mid"	"r"	"4"	"1"	"m1"	"mid_r41m1"	5	NA	NA	NA	NA	NA
"mid"	"r"	"4"	"1"	"m2"	"mid_r41m2"	1	23	18	23	6	17.5
"mid"	"r"	"4"	"1"	"m2"	"mid_r41m2"	2	17	28	4	31	20
"mid"	"r"	"4"	"1"	"m2"	"mid_r41m2"	3	NA	NA	NA	NA	NA
"mid"	"r"	"4"	"1"	"m2"	"mid_r41m2"	4	NA	NA	NA	NA	NA
"mid"	"r"	"4"	"1"	"m2"	"mid_r41m2"	5	NA	NA	NA	NA	NA
"mid"	"r"	"4"	"2"	"m1"	"mid_r42m1"	1	3	2	1	0	1.5
"mid"	"r"	"4"	"2"	"m1"	"mid_r42m1"	2	1	3	1	6	2.75
"mid"	"r"	"4"	"2"	"m1"	"mid_r42m1"	3	NA	NA	NA	NA	NA
"mid"	"r"	"4"	"2"	"m1"	"mid_r42m1"	4	NA	NA	NA	NA	NA
"mid"	"r"	"4"	"2"	"m1"	"mid_r42m1"	5	NA	NA	NA	NA	NA
"mid"	"r"	"4"	"2"	"m2"	"mid_r42m2"	1	6	13	3	4	6.5
"mid"	"r"	"4"	"2"	"m2"	"mid_r42m2"	2	6	1	0	11	4.5
"mid"	"r"	"4"	"2"	"m2"	"mid_r42m2"	3	NA	NA	NA	NA	NA
"mid"	"r"	"4"	"2"	"m2"	"mid_r42m2"	4	NA	NA	NA	NA	NA
"mid"	"r"	"4"	"2"	"m2"	"mid_r42m2"	5	NA	NA	NA	NA	NA
"mid"	"r"	"5"	"1"	"m1"	"mid_r51m1"	1	9	5	27	15	14
"mid"	"r"	"5"	"1"	"m1"	"mid_r51m1"	2	4	10	28	4	11.5
"mid"	"r"	"5"	"1"	"m1"	"mid_r51m1"	3	NA	NA	NA	NA	NA
"mid"	"r"	"5"	"1"	"m1"	"mid_r51m1"	4	NA	NA	NA	NA	NA
"mid"	"r"	"5"	"1"	"m1"	"mid_r51m1"	5	NA	NA	NA	NA	NA
"mid"	"r"	"5"	"1"	"m2"	"mid_r51m2"	1	3	13	1	13	7.5
"mid"	"r"	"5"	"1"	"m2"	"mid_r51m2"	2	6	4	0	0	2.5
"mid"	"r"	"5"	"1"	"m2"	"mid_r51m2"	3	NA	NA	NA	NA	NA
"mid"	"r"	"5"	"1"	"m2"	"mid_r51m2"	4	NA	NA	NA	NA	NA
"mid"	"r"	"5"	"1"	"m2"	"mid_r51m2"	5	NA	NA	NA	NA	NA
"mid"	"r"	"5"	"2"	"m1"	"mid_r52m1"	1	1	2	0	2	1.25
"mid"	"r"	"5"	"2"	"m1"	"mid_r52m1"	2	8	2	3	2	3.75
"mid"	"r"	"5"	"2"	"m1"	"mid_r52m1"	3	NA	NA	NA	NA	NA
"mid"	"r"	"5"	"2"	"m1"	"mid_r52m1"	4	NA	NA	NA	NA	NA
"mid"	"r"	"5"	"2"	"m1"	"mid_r52m1"	5	NA	NA	NA	NA	NA
"mid"	"r"	"5"	"2"	"m2"	"mid_r52m2"	1	0	3	5	4	3
"mid"	"r"	"5"	"2"	"m2"	"mid_r52m2"	2	3	2	4	3	3
"mid"	"r"	"5"	"2"	"m2"	"mid_r52m2"	3	NA	NA	NA	NA	NA
"mid"	"r"	"5"	"2"	"m2"	"mid_r52m2"	4	NA	NA	NA	NA	NA
"mid"	"r"	"5"	"2"	"m2"	"mid_r52m2"	5	NA	NA	NA	NA	NA
"mid"	"u"	"1"	"1"	"m1"	"mid_u11m1"	1	1	0	2	0	0.75
"mid"	"u"	"1"	"1"	"m1"	"mid_u11m1"	2	4	1	3	1	2.25
"mid"	"u"	"1"	"1"	"m1"	"mid_u11m1"	3	0	2	NA	NA	1
"mid"	"u"	"1"	"1"	"m1"	"mid_u11m1"	4	NA	NA	NA	NA	NA
"mid"	"u"	"1"	"1"	"m1"	"mid_u11m1"	5	NA	NA	NA	NA	NA
"mid"	"u"	"1"	"1"	"m2"	"mid_u11m2"	1	0	2	0	3	1.25
"mid"	"u"	"1"	"1"	"m2"	"mid_u11m2"	2	1	0	0	1	0.5
"mid"	"u"	"1"	"1"	"m2"	"mid_u11m2"	3	2	1	NA	NA	1.5
"mid"	"u"	"1"	"1"	"m2"	"mid_u11m2"	4	NA	NA	NA	NA	NA
"mid"	"u"	"1"	"1"	"m2"	"mid_u11m2"	5	NA	NA	NA	NA	NA
"mid"	"u"	"1"	"2"	"m1"	"mid_u12m1"	1	5	4	6	9	6
"mid"	"u"	"1"	"2"	"m1"	"mid_u12m1"	2	11	2	10	5	7
"mid"	"u"	"1"	"2"	"m1"	"mid_u12m1"	3	NA	NA	NA	NA	NA
"mid"	"u"	"1"	"2"	"m1"	"mid_u12m1"	4	NA	NA	NA	NA	NA
"mid"	"u"	"1"	"2"	"m1"	"mid_u12m1"	5	NA	NA	NA	NA	NA
"mid"	"u"	"1"	"2"	"m2"	"mid_u12m2"	1	2	0	8	NA	3.33333333333333
"mid"	"u"	"1"	"2"	"m2"	"mid_u12m2"	2	4	1	NA	NA	2.5
"mid"	"u"	"1"	"2"	"m2"	"mid_u12m2"	3	5	2	NA	NA	3.5
"mid"	"u"	"1"	"2"	"m2"	"mid_u12m2"	4	3	5	NA	NA	4
"mid"	"u"	"1"	"2"	"m2"	"mid_u12m2"	5	7	1	NA	NA	4
"mid"	"u"	"2"	"1"	"m1"	"mid_u21m1"	1	2	5	NA	NA	3.5
"mid"	"u"	"2"	"1"	"m1"	"mid_u21m1"	2	2	4	NA	NA	3
"mid"	"u"	"2"	"1"	"m1"	"mid_u21m1"	3	6	5	NA	NA	5.5
"mid"	"u"	"2"	"1"	"m1"	"mid_u21m1"	4	6	6	NA	NA	6
"mid"	"u"	"2"	"1"	"m1"	"mid_u21m1"	5	1	3	NA	NA	2
"mid"	"u"	"2"	"1"	"m2"	"mid_u21m2"	1	0	1	NA	NA	0.5
"mid"	"u"	"2"	"1"	"m2"	"mid_u21m2"	2	1	0	NA	NA	0.5
"mid"	"u"	"2"	"1"	"m2"	"mid_u21m2"	3	1	0	NA	NA	0.5
"mid"	"u"	"2"	"1"	"m2"	"mid_u21m2"	4	0	0	NA	NA	0
"mid"	"u"	"2"	"1"	"m2"	"mid_u21m2"	5	1	0	NA	NA	0.5
"mid"	"u"	"2"	"2"	"m1"	"mid_u22m1"	1	2	3	NA	NA	2.5
"mid"	"u"	"2"	"2"	"m1"	"mid_u22m1"	2	0	1	NA	NA	0.5
"mid"	"u"	"2"	"2"	"m1"	"mid_u22m1"	3	3	1	NA	NA	2
"mid"	"u"	"2"	"2"	"m1"	"mid_u22m1"	4	6	0	NA	NA	3
"mid"	"u"	"2"	"2"	"m1"	"mid_u22m1"	5	0	2	NA	NA	1
"mid"	"u"	"2"	"2"	"m2"	"mid_u22m2"	1	NA	NA	NA	NA	NA
"mid"	"u"	"2"	"2"	"m2"	"mid_u22m2"	2	NA	NA	NA	NA	NA
"mid"	"u"	"2"	"2"	"m2"	"mid_u22m2"	3	NA	NA	NA	NA	NA
"mid"	"u"	"2"	"2"	"m2"	"mid_u22m2"	4	NA	NA	NA	NA	NA
"mid"	"u"	"2"	"2"	"m2"	"mid_u22m2"	5	NA	NA	NA	NA	NA
"mid"	"u"	"3"	"1"	"m1"	"mid_u31m1"	1	0	0	NA	NA	0
"mid"	"u"	"3"	"1"	"m1"	"mid_u31m1"	2	5	0	NA	NA	2.5
"mid"	"u"	"3"	"1"	"m1"	"mid_u31m1"	3	6	3	NA	NA	4.5
"mid"	"u"	"3"	"1"	"m1"	"mid_u31m1"	4	6	1	NA	NA	3.5
"mid"	"u"	"3"	"1"	"m1"	"mid_u31m1"	5	0	1	NA	NA	0.5
"mid"	"u"	"3"	"1"	"m2"	"mid_u31m2"	1	NA	NA	NA	NA	NA
"mid"	"u"	"3"	"1"	"m2"	"mid_u31m2"	2	NA	NA	NA	NA	NA
"mid"	"u"	"3"	"1"	"m2"	"mid_u31m2"	3	NA	NA	NA	NA	NA
"mid"	"u"	"3"	"1"	"m2"	"mid_u31m2"	4	NA	NA	NA	NA	NA
"mid"	"u"	"3"	"1"	"m2"	"mid_u31m2"	5	NA	NA	NA	NA	NA
"mid"	"u"	"3"	"2"	"m1"	"mid_u32m1"	1	1	1	NA	NA	1
"mid"	"u"	"3"	"2"	"m1"	"mid_u32m1"	2	1	5	NA	NA	3
"mid"	"u"	"3"	"2"	"m1"	"mid_u32m1"	3	2	0	NA	NA	1
"mid"	"u"	"3"	"2"	"m1"	"mid_u32m1"	4	NA	NA	NA	NA	NA
"mid"	"u"	"3"	"2"	"m1"	"mid_u32m1"	5	NA	NA	NA	NA	NA
"mid"	"u"	"3"	"2"	"m2"	"mid_u32m2"	1	7	8	2	6	5.75
"mid"	"u"	"3"	"2"	"m2"	"mid_u32m2"	2	8	1	9	2	5
"mid"	"u"	"3"	"2"	"m2"	"mid_u32m2"	3	NA	NA	NA	NA	NA
"mid"	"u"	"3"	"2"	"m2"	"mid_u32m2"	4	NA	NA	NA	NA	NA
"mid"	"u"	"3"	"2"	"m2"	"mid_u32m2"	5	NA	NA	NA	NA	NA
"mid"	"u"	"4"	"1"	"m1"	"mid_u41m1"	1	1	0	0	3	1
"mid"	"u"	"4"	"1"	"m1"	"mid_u41m1"	2	0	1	0	0	0.25
"mid"	"u"	"4"	"1"	"m1"	"mid_u41m1"	3	NA	NA	NA	NA	NA
"mid"	"u"	"4"	"1"	"m1"	"mid_u41m1"	4	NA	NA	NA	NA	NA
"mid"	"u"	"4"	"1"	"m1"	"mid_u41m1"	5	NA	NA	NA	NA	NA
"mid"	"u"	"4"	"1"	"m2"	"mid_u41m2"	1	6	2	0	2	2.5
"mid"	"u"	"4"	"1"	"m2"	"mid_u41m2"	2	0	3	3	3	2.25
"mid"	"u"	"4"	"1"	"m2"	"mid_u41m2"	3	NA	NA	NA	NA	NA
"mid"	"u"	"4"	"1"	"m2"	"mid_u41m2"	4	NA	NA	NA	NA	NA
"mid"	"u"	"4"	"1"	"m2"	"mid_u41m2"	5	NA	NA	NA	NA	NA
"mid"	"u"	"4"	"2"	"m1"	"mid_u42m1"	1	2	1	3	0	1.5
"mid"	"u"	"4"	"2"	"m1"	"mid_u42m1"	2	1	1	3	8	3.25
"mid"	"u"	"4"	"2"	"m1"	"mid_u42m1"	3	NA	NA	NA	NA	NA
"mid"	"u"	"4"	"2"	"m1"	"mid_u42m1"	4	NA	NA	NA	NA	NA
"mid"	"u"	"4"	"2"	"m1"	"mid_u42m1"	5	NA	NA	NA	NA	NA
"mid"	"u"	"4"	"2"	"m2"	"mid_u42m2"	1	NA	NA	NA	NA	NA
"mid"	"u"	"4"	"2"	"m2"	"mid_u42m2"	2	NA	NA	NA	NA	NA
"mid"	"u"	"4"	"2"	"m2"	"mid_u42m2"	3	NA	NA	NA	NA	NA
"mid"	"u"	"4"	"2"	"m2"	"mid_u42m2"	4	NA	NA	NA	NA	NA
"mid"	"u"	"4"	"2"	"m2"	"mid_u42m2"	5	NA	NA	NA	NA	NA
"mid"	"u"	"5"	"1"	"m1"	"mid_u51m1"	1	NA	NA	NA	NA	NA
"mid"	"u"	"5"	"1"	"m1"	"mid_u51m1"	2	NA	NA	NA	NA	NA
"mid"	"u"	"5"	"1"	"m1"	"mid_u51m1"	3	NA	NA	NA	NA	NA
"mid"	"u"	"5"	"1"	"m1"	"mid_u51m1"	4	NA	NA	NA	NA	NA
"mid"	"u"	"5"	"1"	"m1"	"mid_u51m1"	5	NA	NA	NA	NA	NA
"mid"	"u"	"5"	"1"	"m2"	"mid_u51m2"	1	NA	NA	NA	NA	NA
"mid"	"u"	"5"	"1"	"m2"	"mid_u51m2"	2	NA	NA	NA	NA	NA
"mid"	"u"	"5"	"1"	"m2"	"mid_u51m2"	3	NA	NA	NA	NA	NA
"mid"	"u"	"5"	"1"	"m2"	"mid_u51m2"	4	NA	NA	NA	NA	NA
"mid"	"u"	"5"	"1"	"m2"	"mid_u51m2"	5	NA	NA	NA	NA	NA
"mid"	"u"	"5"	"2"	"m1"	"mid_u52m1"	1	4	5	9	4	5.5
"mid"	"u"	"5"	"2"	"m1"	"mid_u52m1"	2	0	0	11	2	3.25
"mid"	"u"	"5"	"2"	"m1"	"mid_u52m1"	3	NA	NA	NA	NA	NA
"mid"	"u"	"5"	"2"	"m1"	"mid_u52m1"	4	NA	NA	NA	NA	NA
"mid"	"u"	"5"	"2"	"m1"	"mid_u52m1"	5	NA	NA	NA	NA	NA
"mid"	"u"	"5"	"2"	"m2"	"mid_u52m2"	1	0	0	2	4	1.5
"mid"	"u"	"5"	"2"	"m2"	"mid_u52m2"	2	0	2	0	0	0.5
"mid"	"u"	"5"	"2"	"m2"	"mid_u52m2"	3	NA	NA	NA	NA	NA
"mid"	"u"	"5"	"2"	"m2"	"mid_u52m2"	4	NA	NA	NA	NA	NA
"mid"	"u"	"5"	"2"	"m2"	"mid_u52m2"	5	NA	NA	NA	NA	NA
"tiz"	"r"	"1"	"1"	"m1"	"tiz_r11m1"	1	7	8	15	6	9
"tiz"	"r"	"1"	"1"	"m1"	"tiz_r11m1"	2	14	13	8	8	10.75
"tiz"	"r"	"1"	"1"	"m1"	"tiz_r11m1"	3	7	13	0	12	8
"tiz"	"r"	"1"	"1"	"m1"	"tiz_r11m1"	4	0	1	1	1	0.75
"tiz"	"r"	"1"	"1"	"m1"	"tiz_r11m1"	5	2	4	4	3	3.25
"tiz"	"r"	"1"	"1"	"m2"	"tiz_r11m2"	1	NA	NA	NA	NA	NA
"tiz"	"r"	"1"	"1"	"m2"	"tiz_r11m2"	2	NA	NA	NA	NA	NA
"tiz"	"r"	"1"	"1"	"m2"	"tiz_r11m2"	3	NA	NA	NA	NA	NA
"tiz"	"r"	"1"	"1"	"m2"	"tiz_r11m2"	4	NA	NA	NA	NA	NA
"tiz"	"r"	"1"	"1"	"m2"	"tiz_r11m2"	5	NA	NA	NA	NA	NA
"tiz"	"r"	"1"	"2"	"m1"	"tiz_r12m1"	1	NA	NA	NA	NA	NA
"tiz"	"r"	"1"	"2"	"m1"	"tiz_r12m1"	2	NA	NA	NA	NA	NA
"tiz"	"r"	"1"	"2"	"m1"	"tiz_r12m1"	3	NA	NA	NA	NA	NA
"tiz"	"r"	"1"	"2"	"m1"	"tiz_r12m1"	4	NA	NA	NA	NA	NA
"tiz"	"r"	"1"	"2"	"m1"	"tiz_r12m1"	5	NA	NA	NA	NA	NA
"tiz"	"r"	"1"	"2"	"m2"	"tiz_r12m2"	1	NA	NA	NA	NA	NA
"tiz"	"r"	"1"	"2"	"m2"	"tiz_r12m2"	2	NA	NA	NA	NA	NA
"tiz"	"r"	"1"	"2"	"m2"	"tiz_r12m2"	3	NA	NA	NA	NA	NA
"tiz"	"r"	"1"	"2"	"m2"	"tiz_r12m2"	4	NA	NA	NA	NA	NA
"tiz"	"r"	"1"	"2"	"m2"	"tiz_r12m2"	5	NA	NA	NA	NA	NA
"tiz"	"r"	"2"	"1"	"m1"	"tiz_r21m1"	1	1	0	5	4	2.5
"tiz"	"r"	"2"	"1"	"m1"	"tiz_r21m1"	2	20	1	3	9	8.25
"tiz"	"r"	"2"	"1"	"m1"	"tiz_r21m1"	3	1	2	6	6	3.75
"tiz"	"r"	"2"	"1"	"m1"	"tiz_r21m1"	4	5	7	7	13	8
"tiz"	"r"	"2"	"1"	"m1"	"tiz_r21m1"	5	3	9	8	4	6
"tiz"	"r"	"2"	"1"	"m2"	"tiz_r21m2"	1	13	2	1	3	4.75
"tiz"	"r"	"2"	"1"	"m2"	"tiz_r21m2"	2	6	7	18	16	11.75
"tiz"	"r"	"2"	"1"	"m2"	"tiz_r21m2"	3	4	1	2	3	2.5
"tiz"	"r"	"2"	"1"	"m2"	"tiz_r21m2"	4	1	1	1	0	0.75
"tiz"	"r"	"2"	"1"	"m2"	"tiz_r21m2"	5	7	23	7	5	10.5
"tiz"	"r"	"2"	"2"	"m1"	"tiz_r22m1"	1	4	2	0	3	2.25
"tiz"	"r"	"2"	"2"	"m1"	"tiz_r22m1"	2	7	0	1	6	3.5
"tiz"	"r"	"2"	"2"	"m1"	"tiz_r22m1"	3	9	2	1	1	3.25
"tiz"	"r"	"2"	"2"	"m1"	"tiz_r22m1"	4	0	4	0	1	1.25
"tiz"	"r"	"2"	"2"	"m1"	"tiz_r22m1"	5	2	10	5	3	5
"tiz"	"r"	"2"	"2"	"m2"	"tiz_r22m2"	1	6	2	11	8	6.75
"tiz"	"r"	"2"	"2"	"m2"	"tiz_r22m2"	2	19	15	14	15	15.75
"tiz"	"r"	"2"	"2"	"m2"	"tiz_r22m2"	3	6	3	0	9	4.5
"tiz"	"r"	"2"	"2"	"m2"	"tiz_r22m2"	4	1	0	0	2	0.75
"tiz"	"r"	"2"	"2"	"m2"	"tiz_r22m2"	5	5	6	4	1	4
"tiz"	"r"	"3"	"1"	"m1"	"tiz_r31m1"	1	2	4	2	1	2.25
"tiz"	"r"	"3"	"1"	"m1"	"tiz_r31m1"	2	0	1	6	1	2
"tiz"	"r"	"3"	"1"	"m1"	"tiz_r31m1"	3	0	0	1	1	0.5
"tiz"	"r"	"3"	"1"	"m1"	"tiz_r31m1"	4	0	0	0	0	0
"tiz"	"r"	"3"	"1"	"m1"	"tiz_r31m1"	5	0	1	0	0	0.25
"tiz"	"r"	"3"	"1"	"m2"	"tiz_r31m2"	1	NA	NA	NA	NA	NA
"tiz"	"r"	"3"	"1"	"m2"	"tiz_r31m2"	2	NA	NA	NA	NA	NA
"tiz"	"r"	"3"	"1"	"m2"	"tiz_r31m2"	3	NA	NA	NA	NA	NA
"tiz"	"r"	"3"	"1"	"m2"	"tiz_r31m2"	4	NA	NA	NA	NA	NA
"tiz"	"r"	"3"	"1"	"m2"	"tiz_r31m2"	5	NA	NA	NA	NA	NA
"tiz"	"r"	"3"	"2"	"m1"	"tiz_r32m1"	1	NA	NA	NA	NA	NA
"tiz"	"r"	"3"	"2"	"m1"	"tiz_r32m1"	2	NA	NA	NA	NA	NA
"tiz"	"r"	"3"	"2"	"m1"	"tiz_r32m1"	3	NA	NA	NA	NA	NA
"tiz"	"r"	"3"	"2"	"m1"	"tiz_r32m1"	4	NA	NA	NA	NA	NA
"tiz"	"r"	"3"	"2"	"m1"	"tiz_r32m1"	5	NA	NA	NA	NA	NA
"tiz"	"r"	"3"	"2"	"m2"	"tiz_r32m2"	1	18	24	5	10	14.25
"tiz"	"r"	"3"	"2"	"m2"	"tiz_r32m2"	2	1	11	2	7	5.25
"tiz"	"r"	"3"	"2"	"m2"	"tiz_r32m2"	3	8	6	6	8	7
"tiz"	"r"	"3"	"2"	"m2"	"tiz_r32m2"	4	11	12	9	7	9.75
"tiz"	"r"	"3"	"2"	"m2"	"tiz_r32m2"	5	2	8	14	3	6.75
"tiz"	"r"	"4"	"1"	"m1"	"tiz_r41m1"	1	NA	NA	NA	NA	NA
"tiz"	"r"	"4"	"1"	"m1"	"tiz_r41m1"	2	NA	NA	NA	NA	NA
"tiz"	"r"	"4"	"1"	"m1"	"tiz_r41m1"	3	NA	NA	NA	NA	NA
"tiz"	"r"	"4"	"1"	"m1"	"tiz_r41m1"	4	NA	NA	NA	NA	NA
"tiz"	"r"	"4"	"1"	"m1"	"tiz_r41m1"	5	NA	NA	NA	NA	NA
"tiz"	"r"	"4"	"1"	"m2"	"tiz_r41m2"	1	NA	NA	NA	NA	NA
"tiz"	"r"	"4"	"1"	"m2"	"tiz_r41m2"	2	NA	NA	NA	NA	NA
"tiz"	"r"	"4"	"1"	"m2"	"tiz_r41m2"	3	NA	NA	NA	NA	NA
"tiz"	"r"	"4"	"1"	"m2"	"tiz_r41m2"	4	NA	NA	NA	NA	NA
"tiz"	"r"	"4"	"1"	"m2"	"tiz_r41m2"	5	NA	NA	NA	NA	NA
"tiz"	"r"	"4"	"2"	"m1"	"tiz_r42m1"	1	NA	NA	NA	NA	NA
"tiz"	"r"	"4"	"2"	"m1"	"tiz_r42m1"	2	NA	NA	NA	NA	NA
"tiz"	"r"	"4"	"2"	"m1"	"tiz_r42m1"	3	NA	NA	NA	NA	NA
"tiz"	"r"	"4"	"2"	"m1"	"tiz_r42m1"	4	NA	NA	NA	NA	NA
"tiz"	"r"	"4"	"2"	"m1"	"tiz_r42m1"	5	NA	NA	NA	NA	NA
"tiz"	"r"	"4"	"2"	"m2"	"tiz_r42m2"	1	NA	NA	NA	NA	NA
"tiz"	"r"	"4"	"2"	"m2"	"tiz_r42m2"	2	NA	NA	NA	NA	NA
"tiz"	"r"	"4"	"2"	"m2"	"tiz_r42m2"	3	NA	NA	NA	NA	NA
"tiz"	"r"	"4"	"2"	"m2"	"tiz_r42m2"	4	NA	NA	NA	NA	NA
"tiz"	"r"	"4"	"2"	"m2"	"tiz_r42m2"	5	NA	NA	NA	NA	NA
"tiz"	"r"	"5"	"1"	"m1"	"tiz_r51m1"	1	NA	NA	NA	NA	NA
"tiz"	"r"	"5"	"1"	"m1"	"tiz_r51m1"	2	NA	NA	NA	NA	NA
"tiz"	"r"	"5"	"1"	"m1"	"tiz_r51m1"	3	NA	NA	NA	NA	NA
"tiz"	"r"	"5"	"1"	"m1"	"tiz_r51m1"	4	NA	NA	NA	NA	NA
"tiz"	"r"	"5"	"1"	"m1"	"tiz_r51m1"	5	NA	NA	NA	NA	NA
"tiz"	"r"	"5"	"1"	"m2"	"tiz_r51m2"	1	NA	NA	NA	NA	NA
"tiz"	"r"	"5"	"1"	"m2"	"tiz_r51m2"	2	NA	NA	NA	NA	NA
"tiz"	"r"	"5"	"1"	"m2"	"tiz_r51m2"	3	NA	NA	NA	NA	NA
"tiz"	"r"	"5"	"1"	"m2"	"tiz_r51m2"	4	NA	NA	NA	NA	NA
"tiz"	"r"	"5"	"1"	"m2"	"tiz_r51m2"	5	NA	NA	NA	NA	NA
"tiz"	"r"	"5"	"2"	"m1"	"tiz_r52m1"	1	NA	NA	NA	NA	NA
"tiz"	"r"	"5"	"2"	"m1"	"tiz_r52m1"	2	NA	NA	NA	NA	NA
"tiz"	"r"	"5"	"2"	"m1"	"tiz_r52m1"	3	NA	NA	NA	NA	NA
"tiz"	"r"	"5"	"2"	"m1"	"tiz_r52m1"	4	NA	NA	NA	NA	NA
"tiz"	"r"	"5"	"2"	"m1"	"tiz_r52m1"	5	NA	NA	NA	NA	NA
"tiz"	"r"	"5"	"2"	"m2"	"tiz_r52m2"	1	NA	NA	NA	NA	NA
"tiz"	"r"	"5"	"2"	"m2"	"tiz_r52m2"	2	NA	NA	NA	NA	NA
"tiz"	"r"	"5"	"2"	"m2"	"tiz_r52m2"	3	NA	NA	NA	NA	NA
"tiz"	"r"	"5"	"2"	"m2"	"tiz_r52m2"	4	NA	NA	NA	NA	NA
"tiz"	"r"	"5"	"2"	"m2"	"tiz_r52m2"	5	NA	NA	NA	NA	NA
"tiz"	"u"	"1"	"1"	"m1"	"tiz_u11m1"	1	4	3	4	8	4.75
"tiz"	"u"	"1"	"1"	"m1"	"tiz_u11m1"	2	7	11	2	3	5.75
"tiz"	"u"	"1"	"1"	"m1"	"tiz_u11m1"	3	11	9	5	4	7.25
"tiz"	"u"	"1"	"1"	"m1"	"tiz_u11m1"	4	7	11	5	5	7
"tiz"	"u"	"1"	"1"	"m1"	"tiz_u11m1"	5	7	4	1	4	4
"tiz"	"u"	"1"	"1"	"m2"	"tiz_u11m2"	1	8	9	3	4	6
"tiz"	"u"	"1"	"1"	"m2"	"tiz_u11m2"	2	3	0	4	0	1.75
"tiz"	"u"	"1"	"1"	"m2"	"tiz_u11m2"	3	3	5	2	2	3
"tiz"	"u"	"1"	"1"	"m2"	"tiz_u11m2"	4	6	8	8	5	6.75
"tiz"	"u"	"1"	"1"	"m2"	"tiz_u11m2"	5	2	0	8	5	3.75
"tiz"	"u"	"1"	"2"	"m1"	"tiz_u12m1"	1	1	2	3	3	2.25
"tiz"	"u"	"1"	"2"	"m1"	"tiz_u12m1"	2	1	0	1	3	1.25
"tiz"	"u"	"1"	"2"	"m1"	"tiz_u12m1"	3	4	8	5	6	5.75
"tiz"	"u"	"1"	"2"	"m1"	"tiz_u12m1"	4	2	0	5	0	1.75
"tiz"	"u"	"1"	"2"	"m1"	"tiz_u12m1"	5	3	0	2	5	2.5
"tiz"	"u"	"1"	"2"	"m2"	"tiz_u12m2"	1	5	4	7	3	4.75
"tiz"	"u"	"1"	"2"	"m2"	"tiz_u12m2"	2	2	2	0	1	1.25
"tiz"	"u"	"1"	"2"	"m2"	"tiz_u12m2"	3	5	7	7	5	6
"tiz"	"u"	"1"	"2"	"m2"	"tiz_u12m2"	4	3	0	2	4	2.25
"tiz"	"u"	"1"	"2"	"m2"	"tiz_u12m2"	5	0	3	1	3	1.75
"tiz"	"u"	"2"	"1"	"m1"	"tiz_u21m1"	1	2	2	1	1	1.5
"tiz"	"u"	"2"	"1"	"m1"	"tiz_u21m1"	2	2	8	1	8	4.75
"tiz"	"u"	"2"	"1"	"m1"	"tiz_u21m1"	3	1	2	0	2	1.25
"tiz"	"u"	"2"	"1"	"m1"	"tiz_u21m1"	4	1	8	3	1	3.25
"tiz"	"u"	"2"	"1"	"m1"	"tiz_u21m1"	5	5	11	0	1	4.25
"tiz"	"u"	"2"	"1"	"m2"	"tiz_u21m2"	1	1	6	7	0	3.5
"tiz"	"u"	"2"	"1"	"m2"	"tiz_u21m2"	2	2	0	5	4	2.75
"tiz"	"u"	"2"	"1"	"m2"	"tiz_u21m2"	3	4	10	5	6	6.25
"tiz"	"u"	"2"	"1"	"m2"	"tiz_u21m2"	4	3	14	6	10	8.25
"tiz"	"u"	"2"	"1"	"m2"	"tiz_u21m2"	5	9	6	8	5	7
"tiz"	"u"	"2"	"2"	"m1"	"tiz_u22m1"	1	NA	NA	NA	NA	NA
"tiz"	"u"	"2"	"2"	"m1"	"tiz_u22m1"	2	NA	NA	NA	NA	NA
"tiz"	"u"	"2"	"2"	"m1"	"tiz_u22m1"	3	NA	NA	NA	NA	NA
"tiz"	"u"	"2"	"2"	"m1"	"tiz_u22m1"	4	NA	NA	NA	NA	NA
"tiz"	"u"	"2"	"2"	"m1"	"tiz_u22m1"	5	NA	NA	NA	NA	NA
"tiz"	"u"	"2"	"2"	"m2"	"tiz_u22m2"	1	NA	NA	NA	NA	NA
"tiz"	"u"	"2"	"2"	"m2"	"tiz_u22m2"	2	NA	NA	NA	NA	NA
"tiz"	"u"	"2"	"2"	"m2"	"tiz_u22m2"	3	NA	NA	NA	NA	NA
"tiz"	"u"	"2"	"2"	"m2"	"tiz_u22m2"	4	NA	NA	NA	NA	NA
"tiz"	"u"	"2"	"2"	"m2"	"tiz_u22m2"	5	NA	NA	NA	NA	NA
"tiz"	"u"	"3"	"1"	"m1"	"tiz_u31m1"	1	9	5	3	8	6.25
"tiz"	"u"	"3"	"1"	"m1"	"tiz_u31m1"	2	6	5	9	13	8.25
"tiz"	"u"	"3"	"1"	"m1"	"tiz_u31m1"	3	1	1	1	6	2.25
"tiz"	"u"	"3"	"1"	"m1"	"tiz_u31m1"	4	11	10	14	14	12.25
"tiz"	"u"	"3"	"1"	"m1"	"tiz_u31m1"	5	10	8	3	13	8.5
"tiz"	"u"	"3"	"1"	"m2"	"tiz_u31m2"	1	1	2	0	0	0.75
"tiz"	"u"	"3"	"1"	"m2"	"tiz_u31m2"	2	5	0	2	1	2
"tiz"	"u"	"3"	"1"	"m2"	"tiz_u31m2"	3	6	3	7	7	5.75
"tiz"	"u"	"3"	"1"	"m2"	"tiz_u31m2"	4	2	2	2	3	2.25
"tiz"	"u"	"3"	"1"	"m2"	"tiz_u31m2"	5	6	2	0	5	3.25
"tiz"	"u"	"3"	"2"	"m1"	"tiz_u32m1"	1	NA	NA	NA	NA	NA
"tiz"	"u"	"3"	"2"	"m1"	"tiz_u32m1"	2	NA	NA	NA	NA	NA
"tiz"	"u"	"3"	"2"	"m1"	"tiz_u32m1"	3	NA	NA	NA	NA	NA
"tiz"	"u"	"3"	"2"	"m1"	"tiz_u32m1"	4	NA	NA	NA	NA	NA
"tiz"	"u"	"3"	"2"	"m1"	"tiz_u32m1"	5	NA	NA	NA	NA	NA
"tiz"	"u"	"3"	"2"	"m2"	"tiz_u32m2"	1	NA	NA	NA	NA	NA
"tiz"	"u"	"3"	"2"	"m2"	"tiz_u32m2"	2	NA	NA	NA	NA	NA
"tiz"	"u"	"3"	"2"	"m2"	"tiz_u32m2"	3	NA	NA	NA	NA	NA
"tiz"	"u"	"3"	"2"	"m2"	"tiz_u32m2"	4	NA	NA	NA	NA	NA
"tiz"	"u"	"3"	"2"	"m2"	"tiz_u32m2"	5	NA	NA	NA	NA	NA
"tiz"	"u"	"4"	"1"	"m1"	"tiz_u41m1"	1	NA	NA	NA	NA	NA
"tiz"	"u"	"4"	"1"	"m1"	"tiz_u41m1"	2	NA	NA	NA	NA	NA
"tiz"	"u"	"4"	"1"	"m1"	"tiz_u41m1"	3	NA	NA	NA	NA	NA
"tiz"	"u"	"4"	"1"	"m1"	"tiz_u41m1"	4	NA	NA	NA	NA	NA
"tiz"	"u"	"4"	"1"	"m1"	"tiz_u41m1"	5	NA	NA	NA	NA	NA
"tiz"	"u"	"4"	"1"	"m2"	"tiz_u41m2"	1	NA	NA	NA	NA	NA
"tiz"	"u"	"4"	"1"	"m2"	"tiz_u41m2"	2	NA	NA	NA	NA	NA
"tiz"	"u"	"4"	"1"	"m2"	"tiz_u41m2"	3	NA	NA	NA	NA	NA
"tiz"	"u"	"4"	"1"	"m2"	"tiz_u41m2"	4	NA	NA	NA	NA	NA
"tiz"	"u"	"4"	"1"	"m2"	"tiz_u41m2"	5	NA	NA	NA	NA	NA
"tiz"	"u"	"4"	"2"	"m1"	"tiz_u42m1"	1	NA	NA	NA	NA	NA
"tiz"	"u"	"4"	"2"	"m1"	"tiz_u42m1"	2	NA	NA	NA	NA	NA
"tiz"	"u"	"4"	"2"	"m1"	"tiz_u42m1"	3	NA	NA	NA	NA	NA
"tiz"	"u"	"4"	"2"	"m1"	"tiz_u42m1"	4	NA	NA	NA	NA	NA
"tiz"	"u"	"4"	"2"	"m1"	"tiz_u42m1"	5	NA	NA	NA	NA	NA
"tiz"	"u"	"4"	"2"	"m2"	"tiz_u42m2"	1	NA	NA	NA	NA	NA
"tiz"	"u"	"4"	"2"	"m2"	"tiz_u42m2"	2	NA	NA	NA	NA	NA
"tiz"	"u"	"4"	"2"	"m2"	"tiz_u42m2"	3	NA	NA	NA	NA	NA
"tiz"	"u"	"4"	"2"	"m2"	"tiz_u42m2"	4	NA	NA	NA	NA	NA
"tiz"	"u"	"4"	"2"	"m2"	"tiz_u42m2"	5	NA	NA	NA	NA	NA
"tiz"	"u"	"5"	"1"	"m1"	"tiz_u51m1"	1	7	1	1	5	3.5
"tiz"	"u"	"5"	"1"	"m1"	"tiz_u51m1"	2	1	6	1	3	2.75
"tiz"	"u"	"5"	"1"	"m1"	"tiz_u51m1"	3	4	8	0	1	3.25
"tiz"	"u"	"5"	"1"	"m1"	"tiz_u51m1"	4	5	7	4	8	6
"tiz"	"u"	"5"	"1"	"m1"	"tiz_u51m1"	5	0	6	7	6	4.75
"tiz"	"u"	"5"	"1"	"m2"	"tiz_u51m2"	1	4	0	1	3	2
"tiz"	"u"	"5"	"1"	"m2"	"tiz_u51m2"	2	13	5	11	15	11
"tiz"	"u"	"5"	"1"	"m2"	"tiz_u51m2"	3	14	7	9	17	11.75
"tiz"	"u"	"5"	"1"	"m2"	"tiz_u51m2"	4	0	0	0	0	0
"tiz"	"u"	"5"	"1"	"m2"	"tiz_u51m2"	5	1	6	6	3	4
"tiz"	"u"	"5"	"2"	"m1"	"tiz_u52m1"	1	0	2	3	1	1.5
"tiz"	"u"	"5"	"2"	"m1"	"tiz_u52m1"	2	1	4	4	1	2.5
"tiz"	"u"	"5"	"2"	"m1"	"tiz_u52m1"	3	3	6	4	7	5
"tiz"	"u"	"5"	"2"	"m1"	"tiz_u52m1"	4	3	2	3	4	3
"tiz"	"u"	"5"	"2"	"m1"	"tiz_u52m1"	5	4	9	7	6	6.5
"tiz"	"u"	"5"	"2"	"m2"	"tiz_u52m2"	1	1	14	4	4	5.75
"tiz"	"u"	"5"	"2"	"m2"	"tiz_u52m2"	2	5	1	0	0	1.5
"tiz"	"u"	"5"	"2"	"m2"	"tiz_u52m2"	3	1	4	2	2	2.25
"tiz"	"u"	"5"	"2"	"m2"	"tiz_u52m2"	4	0	0	5	0	1.25
"tiz"	"u"	"5"	"2"	"m2"	"tiz_u52m2"	5	1	8	3	13	6.25
"val"	"r"	"1"	"1"	"m1"	"val_r11m1"	1	NA	NA	NA	NA	NA
"val"	"r"	"1"	"1"	"m1"	"val_r11m1"	2	NA	NA	NA	NA	NA
"val"	"r"	"1"	"1"	"m1"	"val_r11m1"	3	NA	NA	NA	NA	NA
"val"	"r"	"1"	"1"	"m1"	"val_r11m1"	4	NA	NA	NA	NA	NA
"val"	"r"	"1"	"1"	"m1"	"val_r11m1"	5	NA	NA	NA	NA	NA
"val"	"r"	"1"	"1"	"m2"	"val_r11m2"	1	NA	NA	NA	NA	NA
"val"	"r"	"1"	"1"	"m2"	"val_r11m2"	2	NA	NA	NA	NA	NA
"val"	"r"	"1"	"1"	"m2"	"val_r11m2"	3	NA	NA	NA	NA	NA
"val"	"r"	"1"	"1"	"m2"	"val_r11m2"	4	NA	NA	NA	NA	NA
"val"	"r"	"1"	"1"	"m2"	"val_r11m2"	5	NA	NA	NA	NA	NA
"val"	"r"	"1"	"2"	"m1"	"val_r12m1"	1	NA	NA	NA	NA	NA
"val"	"r"	"1"	"2"	"m1"	"val_r12m1"	2	NA	NA	NA	NA	NA
"val"	"r"	"1"	"2"	"m1"	"val_r12m1"	3	NA	NA	NA	NA	NA
"val"	"r"	"1"	"2"	"m1"	"val_r12m1"	4	NA	NA	NA	NA	NA
"val"	"r"	"1"	"2"	"m1"	"val_r12m1"	5	NA	NA	NA	NA	NA
"val"	"r"	"1"	"2"	"m2"	"val_r12m2"	1	NA	NA	NA	NA	NA
"val"	"r"	"1"	"2"	"m2"	"val_r12m2"	2	NA	NA	NA	NA	NA
"val"	"r"	"1"	"2"	"m2"	"val_r12m2"	3	NA	NA	NA	NA	NA
"val"	"r"	"1"	"2"	"m2"	"val_r12m2"	4	NA	NA	NA	NA	NA
"val"	"r"	"1"	"2"	"m2"	"val_r12m2"	5	NA	NA	NA	NA	NA
"val"	"r"	"2"	"1"	"m1"	"val_r21m1"	1	1	2	3	NA	2
"val"	"r"	"2"	"1"	"m1"	"val_r21m1"	2	0	4	2	3	2.25
"val"	"r"	"2"	"1"	"m1"	"val_r21m1"	3	0	2	3	2	1.75
"val"	"r"	"2"	"1"	"m1"	"val_r21m1"	4	2	1	0	0	0.75
"val"	"r"	"2"	"1"	"m1"	"val_r21m1"	5	2	0	0	4	1.5
"val"	"r"	"2"	"1"	"m2"	"val_r21m2"	1	0	1	0	0	0.25
"val"	"r"	"2"	"1"	"m2"	"val_r21m2"	2	2	0	3	1	1.5
"val"	"r"	"2"	"1"	"m2"	"val_r21m2"	3	4	10	13	1	7
"val"	"r"	"2"	"1"	"m2"	"val_r21m2"	4	6	1	22	2	7.75
"val"	"r"	"2"	"1"	"m2"	"val_r21m2"	5	2	10	NA	NA	6
"val"	"r"	"2"	"2"	"m1"	"val_r22m1"	1	5	6	7	6	6
"val"	"r"	"2"	"2"	"m1"	"val_r22m1"	2	2	3	4	7	4
"val"	"r"	"2"	"2"	"m1"	"val_r22m1"	3	7	3	3	5	4.5
"val"	"r"	"2"	"2"	"m1"	"val_r22m1"	4	3	6	13	6	7
"val"	"r"	"2"	"2"	"m1"	"val_r22m1"	5	5	9	4	1	4.75
"val"	"r"	"2"	"2"	"m2"	"val_r22m2"	1	0	0	0	0	0
"val"	"r"	"2"	"2"	"m2"	"val_r22m2"	2	2	2	6	7	4.25
"val"	"r"	"2"	"2"	"m2"	"val_r22m2"	3	8	16	9	15	12
"val"	"r"	"2"	"2"	"m2"	"val_r22m2"	4	0	2	1	4	1.75
"val"	"r"	"2"	"2"	"m2"	"val_r22m2"	5	0	4	8	1	3.25
"val"	"r"	"3"	"1"	"m1"	"val_r31m1"	1	4	2	1	NA	2.33333333333333
"val"	"r"	"3"	"1"	"m1"	"val_r31m1"	2	0	3	0	0	0.75
"val"	"r"	"3"	"1"	"m1"	"val_r31m1"	3	3	2	0	0	1.25
"val"	"r"	"3"	"1"	"m1"	"val_r31m1"	4	1	1	0	5	1.75
"val"	"r"	"3"	"1"	"m1"	"val_r31m1"	5	0	0	0	0	0
"val"	"r"	"3"	"1"	"m2"	"val_r31m2"	1	2	2	1	2	1.75
"val"	"r"	"3"	"1"	"m2"	"val_r31m2"	2	4	5	4	4	4.25
"val"	"r"	"3"	"1"	"m2"	"val_r31m2"	3	0	0	1	3	1
"val"	"r"	"3"	"1"	"m2"	"val_r31m2"	4	1	2	3	1	1.75
"val"	"r"	"3"	"1"	"m2"	"val_r31m2"	5	1	1	1	4	1.75
"val"	"r"	"3"	"2"	"m1"	"val_r32m1"	1	0	1	0	12	3.25
"val"	"r"	"3"	"2"	"m1"	"val_r32m1"	2	2	2	1	1	1.5
"val"	"r"	"3"	"2"	"m1"	"val_r32m1"	3	5	5	7	8	6.25
"val"	"r"	"3"	"2"	"m1"	"val_r32m1"	4	NA	NA	NA	NA	NA
"val"	"r"	"3"	"2"	"m1"	"val_r32m1"	5	NA	NA	NA	NA	NA
"val"	"r"	"3"	"2"	"m2"	"val_r32m2"	1	2	1	0	6	2.25
"val"	"r"	"3"	"2"	"m2"	"val_r32m2"	2	1	1	2	2	1.5
"val"	"r"	"3"	"2"	"m2"	"val_r32m2"	3	2	1	7	2	3
"val"	"r"	"3"	"2"	"m2"	"val_r32m2"	4	0	1	5	3	2.25
"val"	"r"	"3"	"2"	"m2"	"val_r32m2"	5	10	1	8	0	4.75
"val"	"r"	"4"	"1"	"m1"	"val_r41m1"	1	6	4	6	2	4.5
"val"	"r"	"4"	"1"	"m1"	"val_r41m1"	2	2	2	2	4	2.5
"val"	"r"	"4"	"1"	"m1"	"val_r41m1"	3	2	9	6	5	5.5
"val"	"r"	"4"	"1"	"m1"	"val_r41m1"	4	1	0	1	2	1
"val"	"r"	"4"	"1"	"m1"	"val_r41m1"	5	6	2	0	6	3.5
"val"	"r"	"4"	"1"	"m2"	"val_r41m2"	1	2	9	2	1	3.5
"val"	"r"	"4"	"1"	"m2"	"val_r41m2"	2	3	2	6	6	4.25
"val"	"r"	"4"	"1"	"m2"	"val_r41m2"	3	8	11	16	18	13.25
"val"	"r"	"4"	"1"	"m2"	"val_r41m2"	4	7	4	2	2	3.75
"val"	"r"	"4"	"1"	"m2"	"val_r41m2"	5	3	1	1	6	2.75
"val"	"r"	"4"	"2"	"m1"	"val_r42m1"	1	4	2	4	3	3.25
"val"	"r"	"4"	"2"	"m1"	"val_r42m1"	2	4	1	0	3	2
"val"	"r"	"4"	"2"	"m1"	"val_r42m1"	3	1	0	2	3	1.5
"val"	"r"	"4"	"2"	"m1"	"val_r42m1"	4	4	0	10	NA	4.66666666666667
"val"	"r"	"4"	"2"	"m1"	"val_r42m1"	5	0	0	NA	NA	0
"val"	"r"	"4"	"2"	"m2"	"val_r42m2"	1	3	0	2	0	1.25
"val"	"r"	"4"	"2"	"m2"	"val_r42m2"	2	2	0	1	3	1.5
"val"	"r"	"4"	"2"	"m2"	"val_r42m2"	3	7	5	4	5	5.25
"val"	"r"	"4"	"2"	"m2"	"val_r42m2"	4	7	1	3	2	3.25
"val"	"r"	"4"	"2"	"m2"	"val_r42m2"	5	15	8	16	3	10.5
"val"	"r"	"5"	"1"	"m1"	"val_r51m1"	1	NA	NA	NA	NA	NA
"val"	"r"	"5"	"1"	"m1"	"val_r51m1"	2	NA	NA	NA	NA	NA
"val"	"r"	"5"	"1"	"m1"	"val_r51m1"	3	NA	NA	NA	NA	NA
"val"	"r"	"5"	"1"	"m1"	"val_r51m1"	4	NA	NA	NA	NA	NA
"val"	"r"	"5"	"1"	"m1"	"val_r51m1"	5	NA	NA	NA	NA	NA
"val"	"r"	"5"	"1"	"m2"	"val_r51m2"	1	NA	NA	NA	NA	NA
"val"	"r"	"5"	"1"	"m2"	"val_r51m2"	2	NA	NA	NA	NA	NA
"val"	"r"	"5"	"1"	"m2"	"val_r51m2"	3	NA	NA	NA	NA	NA
"val"	"r"	"5"	"1"	"m2"	"val_r51m2"	4	NA	NA	NA	NA	NA
"val"	"r"	"5"	"1"	"m2"	"val_r51m2"	5	NA	NA	NA	NA	NA
"val"	"r"	"5"	"2"	"m1"	"val_r52m1"	1	NA	NA	NA	NA	NA
"val"	"r"	"5"	"2"	"m1"	"val_r52m1"	2	NA	NA	NA	NA	NA
"val"	"r"	"5"	"2"	"m1"	"val_r52m1"	3	NA	NA	NA	NA	NA
"val"	"r"	"5"	"2"	"m1"	"val_r52m1"	4	NA	NA	NA	NA	NA
"val"	"r"	"5"	"2"	"m1"	"val_r52m1"	5	NA	NA	NA	NA	NA
"val"	"r"	"5"	"2"	"m2"	"val_r52m2"	1	NA	NA	NA	NA	NA
"val"	"r"	"5"	"2"	"m2"	"val_r52m2"	2	NA	NA	NA	NA	NA
"val"	"r"	"5"	"2"	"m2"	"val_r52m2"	3	NA	NA	NA	NA	NA
"val"	"r"	"5"	"2"	"m2"	"val_r52m2"	4	NA	NA	NA	NA	NA
"val"	"r"	"5"	"2"	"m2"	"val_r52m2"	5	NA	NA	NA	NA	NA
"val"	"u"	"1"	"1"	"m1"	"val_u11m1"	1	2	0	0	1	0.75
"val"	"u"	"1"	"1"	"m1"	"val_u11m1"	2	0	0	0	0	0
"val"	"u"	"1"	"1"	"m1"	"val_u11m1"	3	1	2	0	1	1
"val"	"u"	"1"	"1"	"m1"	"val_u11m1"	4	0	0	4	3	1.75
"val"	"u"	"1"	"1"	"m1"	"val_u11m1"	5	1	3	4	1	2.25
"val"	"u"	"1"	"1"	"m2"	"val_u11m2"	1	2	1	0	1	1
"val"	"u"	"1"	"1"	"m2"	"val_u11m2"	2	9	10	6	3	7
"val"	"u"	"1"	"1"	"m2"	"val_u11m2"	3	0	0	1	3	1
"val"	"u"	"1"	"1"	"m2"	"val_u11m2"	4	0	0	0	3	0.75
"val"	"u"	"1"	"1"	"m2"	"val_u11m2"	5	1	0	0	1	0.5
"val"	"u"	"1"	"2"	"m1"	"val_u12m1"	1	4	5	4	12	6.25
"val"	"u"	"1"	"2"	"m1"	"val_u12m1"	2	3	1	2	5	2.75
"val"	"u"	"1"	"2"	"m1"	"val_u12m1"	3	2	3	1	3	2.25
"val"	"u"	"1"	"2"	"m1"	"val_u12m1"	4	3	3	3	8	4.25
"val"	"u"	"1"	"2"	"m1"	"val_u12m1"	5	2	6	1	1	2.5
"val"	"u"	"1"	"2"	"m2"	"val_u12m2"	1	0	0	0	0	0
"val"	"u"	"1"	"2"	"m2"	"val_u12m2"	2	2	0	0	0	0.5
"val"	"u"	"1"	"2"	"m2"	"val_u12m2"	3	1	1	0	2	1
"val"	"u"	"1"	"2"	"m2"	"val_u12m2"	4	0	0	0	0	0
"val"	"u"	"1"	"2"	"m2"	"val_u12m2"	5	0	0	0	0	0
"val"	"u"	"2"	"1"	"m1"	"val_u21m1"	1	4	5	2	1	3
"val"	"u"	"2"	"1"	"m1"	"val_u21m1"	2	0	1	3	1	1.25
"val"	"u"	"2"	"1"	"m1"	"val_u21m1"	3	3	4	4	1	3
"val"	"u"	"2"	"1"	"m1"	"val_u21m1"	4	2	2	2	0	1.5
"val"	"u"	"2"	"1"	"m1"	"val_u21m1"	5	3	3	4	4	3.5
"val"	"u"	"2"	"1"	"m2"	"val_u21m2"	1	2	4	1	5	3
"val"	"u"	"2"	"1"	"m2"	"val_u21m2"	2	0	0	0	0	0
"val"	"u"	"2"	"1"	"m2"	"val_u21m2"	3	2	2	2	NA	2
"val"	"u"	"2"	"1"	"m2"	"val_u21m2"	4	4	5	5	3	4.25
"val"	"u"	"2"	"1"	"m2"	"val_u21m2"	5	1	2	0	2	1.25
"val"	"u"	"2"	"2"	"m1"	"val_u22m1"	1	NA	NA	NA	NA	NA
"val"	"u"	"2"	"2"	"m1"	"val_u22m1"	2	NA	NA	NA	NA	NA
"val"	"u"	"2"	"2"	"m1"	"val_u22m1"	3	NA	NA	NA	NA	NA
"val"	"u"	"2"	"2"	"m1"	"val_u22m1"	4	NA	NA	NA	NA	NA
"val"	"u"	"2"	"2"	"m1"	"val_u22m1"	5	NA	NA	NA	NA	NA
"val"	"u"	"2"	"2"	"m2"	"val_u22m2"	1	NA	NA	NA	NA	NA
"val"	"u"	"2"	"2"	"m2"	"val_u22m2"	2	NA	NA	NA	NA	NA
"val"	"u"	"2"	"2"	"m2"	"val_u22m2"	3	NA	NA	NA	NA	NA
"val"	"u"	"2"	"2"	"m2"	"val_u22m2"	4	NA	NA	NA	NA	NA
"val"	"u"	"2"	"2"	"m2"	"val_u22m2"	5	NA	NA	NA	NA	NA
"val"	"u"	"3"	"1"	"m1"	"val_u31m1"	1	3	1	2	2	2
"val"	"u"	"3"	"1"	"m1"	"val_u31m1"	2	2	0	1	0	0.75
"val"	"u"	"3"	"1"	"m1"	"val_u31m1"	3	3	6	2	2	3.25
"val"	"u"	"3"	"1"	"m1"	"val_u31m1"	4	3	2	4	3	3
"val"	"u"	"3"	"1"	"m1"	"val_u31m1"	5	1	5	5	5	4
"val"	"u"	"3"	"1"	"m2"	"val_u31m2"	1	3	1	1	6	2.75
"val"	"u"	"3"	"1"	"m2"	"val_u31m2"	2	4	1	2	1	2
"val"	"u"	"3"	"1"	"m2"	"val_u31m2"	3	15	10	8	6	9.75
"val"	"u"	"3"	"1"	"m2"	"val_u31m2"	4	1	4	0	4	2.25
"val"	"u"	"3"	"1"	"m2"	"val_u31m2"	5	3	5	2	0	2.5
"val"	"u"	"3"	"2"	"m1"	"val_u32m1"	1	NA	NA	NA	NA	NA
"val"	"u"	"3"	"2"	"m1"	"val_u32m1"	2	NA	NA	NA	NA	NA
"val"	"u"	"3"	"2"	"m1"	"val_u32m1"	3	NA	NA	NA	NA	NA
"val"	"u"	"3"	"2"	"m1"	"val_u32m1"	4	NA	NA	NA	NA	NA
"val"	"u"	"3"	"2"	"m1"	"val_u32m1"	5	NA	NA	NA	NA	NA
"val"	"u"	"3"	"2"	"m2"	"val_u32m2"	1	NA	NA	NA	NA	NA
"val"	"u"	"3"	"2"	"m2"	"val_u32m2"	2	NA	NA	NA	NA	NA
"val"	"u"	"3"	"2"	"m2"	"val_u32m2"	3	NA	NA	NA	NA	NA
"val"	"u"	"3"	"2"	"m2"	"val_u32m2"	4	NA	NA	NA	NA	NA
"val"	"u"	"3"	"2"	"m2"	"val_u32m2"	5	NA	NA	NA	NA	NA
"val"	"u"	"4"	"1"	"m1"	"val_u41m1"	1	NA	NA	NA	NA	NA
"val"	"u"	"4"	"1"	"m1"	"val_u41m1"	2	NA	NA	NA	NA	NA
"val"	"u"	"4"	"1"	"m1"	"val_u41m1"	3	NA	NA	NA	NA	NA
"val"	"u"	"4"	"1"	"m1"	"val_u41m1"	4	NA	NA	NA	NA	NA
"val"	"u"	"4"	"1"	"m1"	"val_u41m1"	5	NA	NA	NA	NA	NA
"val"	"u"	"4"	"1"	"m2"	"val_u41m2"	1	NA	NA	NA	NA	NA
"val"	"u"	"4"	"1"	"m2"	"val_u41m2"	2	NA	NA	NA	NA	NA
"val"	"u"	"4"	"1"	"m2"	"val_u41m2"	3	NA	NA	NA	NA	NA
"val"	"u"	"4"	"1"	"m2"	"val_u41m2"	4	NA	NA	NA	NA	NA
"val"	"u"	"4"	"1"	"m2"	"val_u41m2"	5	NA	NA	NA	NA	NA
"val"	"u"	"4"	"2"	"m1"	"val_u42m1"	1	4	4	6	12	6.5
"val"	"u"	"4"	"2"	"m1"	"val_u42m1"	2	3	3	1	1	2
"val"	"u"	"4"	"2"	"m1"	"val_u42m1"	3	1	2	1	1	1.25
"val"	"u"	"4"	"2"	"m1"	"val_u42m1"	4	0	3	2	8	3.25
"val"	"u"	"4"	"2"	"m1"	"val_u42m1"	5	1	0	0	0	0.25
"val"	"u"	"4"	"2"	"m2"	"val_u42m2"	1	4	8	3	9	6
"val"	"u"	"4"	"2"	"m2"	"val_u42m2"	2	1	1	1	1	1
"val"	"u"	"4"	"2"	"m2"	"val_u42m2"	3	3	4	0	1	2
"val"	"u"	"4"	"2"	"m2"	"val_u42m2"	4	2	9	16	5	8
"val"	"u"	"4"	"2"	"m2"	"val_u42m2"	5	3	6	1	1	2.75
"val"	"u"	"5"	"1"	"m1"	"val_u51m1"	1	NA	NA	NA	NA	NA
"val"	"u"	"5"	"1"	"m1"	"val_u51m1"	2	NA	NA	NA	NA	NA
"val"	"u"	"5"	"1"	"m1"	"val_u51m1"	3	NA	NA	NA	NA	NA
"val"	"u"	"5"	"1"	"m1"	"val_u51m1"	4	NA	NA	NA	NA	NA
"val"	"u"	"5"	"1"	"m1"	"val_u51m1"	5	NA	NA	NA	NA	NA
"val"	"u"	"5"	"1"	"m2"	"val_u51m2"	1	NA	NA	NA	NA	NA
"val"	"u"	"5"	"1"	"m2"	"val_u51m2"	2	NA	NA	NA	NA	NA
"val"	"u"	"5"	"1"	"m2"	"val_u51m2"	3	NA	NA	NA	NA	NA
"val"	"u"	"5"	"1"	"m2"	"val_u51m2"	4	NA	NA	NA	NA	NA
"val"	"u"	"5"	"1"	"m2"	"val_u51m2"	5	NA	NA	NA	NA	NA
"val"	"u"	"5"	"2"	"m1"	"val_u52m1"	1	5	2	1	3	2.75
"val"	"u"	"5"	"2"	"m1"	"val_u52m1"	2	1	1	1	1	1
"val"	"u"	"5"	"2"	"m1"	"val_u52m1"	3	1	1	1	1	1
"val"	"u"	"5"	"2"	"m1"	"val_u52m1"	4	3	1	1	0	1.25
"val"	"u"	"5"	"2"	"m1"	"val_u52m1"	5	1	0	1	2	1
"val"	"u"	"5"	"2"	"m2"	"val_u52m2"	1	0	1	1	1	0.75
"val"	"u"	"5"	"2"	"m2"	"val_u52m2"	2	5	3	13	10	7.75
"val"	"u"	"5"	"2"	"m2"	"val_u52m2"	3	8	2	4	1	3.75
"val"	"u"	"5"	"2"	"m2"	"val_u52m2"	4	9	16	1	5	7.75
"val"	"u"	"5"	"2"	"m2"	"val_u52m2"	5	3	5	8	2	4.5
